-- MariaDB dump 10.19  Distrib 10.4.27-MariaDB, for Win64 (AMD64)
--
-- Host: 127.0.0.1    Database: ru_war
-- ------------------------------------------------------
-- Server version	8.0.28

/*!40101 SET @OLD_CHARACTER_SET_CLIENT=@@CHARACTER_SET_CLIENT */;
/*!40101 SET @OLD_CHARACTER_SET_RESULTS=@@CHARACTER_SET_RESULTS */;
/*!40101 SET @OLD_COLLATION_CONNECTION=@@COLLATION_CONNECTION */;
/*!40101 SET NAMES utf8mb4 */;
/*!40103 SET @OLD_TIME_ZONE=@@TIME_ZONE */;
/*!40103 SET TIME_ZONE='+00:00' */;
/*!40014 SET @OLD_UNIQUE_CHECKS=@@UNIQUE_CHECKS, UNIQUE_CHECKS=0 */;
/*!40014 SET @OLD_FOREIGN_KEY_CHECKS=@@FOREIGN_KEY_CHECKS, FOREIGN_KEY_CHECKS=0 */;
/*!40101 SET @OLD_SQL_MODE=@@SQL_MODE, SQL_MODE='NO_AUTO_VALUE_ON_ZERO' */;
/*!40111 SET @OLD_SQL_NOTES=@@SQL_NOTES, SQL_NOTES=0 */;

--
-- Table structure for table `country_num`
--

DROP TABLE IF EXISTS `country_num`;
/*!40101 SET @saved_cs_client     = @@character_set_client */;
/*!40101 SET character_set_client = utf8 */;
CREATE TABLE `country_num` (
  `country_name` varchar(100) NOT NULL,
  `cid` int NOT NULL AUTO_INCREMENT,
  `num` int NOT NULL DEFAULT '0',
  PRIMARY KEY (`cid`),
  UNIQUE KEY `country_num_cid_uindex` (`cid`),
  UNIQUE KEY `country_num_cname_uindex` (`country_name`)
) ENGINE=InnoDB AUTO_INCREMENT=14 DEFAULT CHARSET=utf8mb4 COLLATE=utf8mb4_0900_ai_ci;
/*!40101 SET character_set_client = @saved_cs_client */;

--
-- Dumping data for table `country_num`
--

LOCK TABLES `country_num` WRITE;
INSERT INTO `country_num` VALUES ('britain',1,1),('usa',2,18),('swiz',3,1),('italy',4,3),('czech',5,1),('fn',6,1),('austria',7,2),('german',8,3),('isreal',9,1),('finland',10,1),('sigsauer',11,1),('singapore',12,1),('brazil',13,1);
UNLOCK TABLES;

--
-- Table structure for table `loss_weapons_kind`
--

DROP TABLE IF EXISTS `loss_weapons_kind`;
/*!40101 SET @saved_cs_client     = @@character_set_client */;
/*!40101 SET character_set_client = utf8 */;
CREATE TABLE `loss_weapons_kind` (
  `id` varchar(20) NOT NULL,
  `armsname` varchar(10) DEFAULT NULL,
  `category` varchar(5) DEFAULT NULL,
  PRIMARY KEY (`id`)
) ENGINE=InnoDB DEFAULT CHARSET=utf8mb4 COLLATE=utf8mb4_0900_ai_ci;
/*!40101 SET character_set_client = @saved_cs_client */;

--
-- Dumping data for table `loss_weapons_kind`
--

LOCK TABLES `loss_weapons_kind` WRITE;
INSERT INTO `loss_weapons_kind` VALUES ('0','坦克','陆'),('1','巡航导弹','海陆空'),('2','飞机','空'),('3','枪支','海陆空'),('4','直升机','空'),('5','无人机','空'),('6','船只','海'),('7','火箭炮','海陆'),('8','防空系统','空'),('9','汽车和油罐车','陆');
UNLOCK TABLES;

--
-- Table structure for table `loss_weapons_num`
--

DROP TABLE IF EXISTS `loss_weapons_num`;
/*!40101 SET @saved_cs_client     = @@character_set_client */;
/*!40101 SET character_set_client = utf8 */;
CREATE TABLE `loss_weapons_num` (
  `id` varchar(20) NOT NULL,
  `num` int DEFAULT NULL,
  `time` date NOT NULL,
  PRIMARY KEY (`id`,`time`),
  CONSTRAINT `loss_weapons_num_ibfk_1` FOREIGN KEY (`id`) REFERENCES `loss_weapons_kind` (`id`)
) ENGINE=InnoDB DEFAULT CHARSET=utf8mb4 COLLATE=utf8mb4_0900_ai_ci;
/*!40101 SET character_set_client = @saved_cs_client */;

--
-- Dumping data for table `loss_weapons_num`
--

LOCK TABLES `loss_weapons_num` WRITE;
INSERT INTO `loss_weapons_num` VALUES ('0',198,'2022-03-01'),('0',211,'2022-03-02'),('0',217,'2022-03-03'),('0',251,'2022-03-04'),('0',269,'2022-03-05'),('0',285,'2022-03-06'),('0',290,'2022-03-07'),('0',303,'2022-03-08'),('0',317,'2022-03-09'),('0',335,'2022-03-10'),('0',353,'2022-03-11'),('0',362,'2022-03-12'),('0',374,'2022-03-13'),('0',389,'2022-03-14'),('0',404,'2022-03-15'),('0',430,'2022-03-16'),('0',444,'2022-03-17'),('0',450,'2022-03-18'),('0',466,'2022-03-19'),('0',476,'2022-03-20'),('0',498,'2022-03-21'),('0',509,'2022-03-22'),('0',517,'2022-03-23'),('0',530,'2022-03-24'),('0',561,'2022-03-25'),('0',575,'2022-03-26'),('0',582,'2022-03-27'),('0',586,'2022-03-28'),('0',597,'2022-03-29'),('0',605,'2022-03-30'),('0',614,'2022-03-31'),('0',625,'2022-04-01'),('0',631,'2022-04-02'),('0',644,'2022-04-03'),('0',647,'2022-04-04'),('0',676,'2022-04-05'),('0',684,'2022-04-06'),('0',698,'2022-04-07'),('0',700,'2022-04-08'),('0',705,'2022-04-09'),('0',722,'2022-04-10'),('0',725,'2022-04-11'),('0',732,'2022-04-12'),('0',739,'2022-04-13'),('0',753,'2022-04-14'),('0',756,'2022-04-15'),('0',762,'2022-04-16'),('0',773,'2022-04-17'),('0',790,'2022-04-18'),('0',802,'2022-04-19'),('0',815,'2022-04-20'),('0',829,'2022-04-21'),('0',838,'2022-04-22'),('0',854,'2022-04-23'),('0',873,'2022-04-24'),('0',884,'2022-04-25'),('0',918,'2022-04-26'),('0',939,'2022-04-27'),('0',970,'2022-04-28'),('0',986,'2022-04-29'),('0',1008,'2022-04-30'),('0',1026,'2022-05-01'),('0',1048,'2022-05-02'),('0',1062,'2022-05-03'),('0',1077,'2022-05-04'),('0',1092,'2022-05-05'),('0',1110,'2022-05-06'),('0',1122,'2022-05-07'),('0',1130,'2022-05-08'),('0',1145,'2022-05-09'),('0',1170,'2022-05-10'),('0',1187,'2022-05-11'),('0',1195,'2022-05-12'),('0',1205,'2022-05-13'),('0',1218,'2022-05-14'),('0',1220,'2022-05-15'),('0',1228,'2022-05-16'),('0',1235,'2022-05-17'),('0',1251,'2022-05-18'),('0',1254,'2022-05-19'),('0',1263,'2022-05-20'),('0',1278,'2022-05-21'),('0',1285,'2022-05-22'),('0',1293,'2022-05-23'),('0',1302,'2022-05-24'),('0',1305,'2022-05-25'),('0',1315,'2022-05-26'),('0',1322,'2022-05-27'),('0',1330,'2022-05-28'),('0',1338,'2022-05-29'),('0',1349,'2022-05-30'),('0',1358,'2022-05-31'),('0',1361,'2022-06-01'),('0',1363,'2022-06-02'),('0',1367,'2022-06-03'),('0',1376,'2022-06-04'),('0',1381,'2022-06-05'),('0',1386,'2022-06-06'),('0',1390,'2022-06-07'),('0',1393,'2022-06-08'),('0',1398,'2022-06-09'),('0',1409,'2022-06-10'),('0',1419,'2022-06-11'),('0',1430,'2022-06-12'),('0',1432,'2022-06-13'),('0',1434,'2022-06-14'),('0',1440,'2022-06-15'),('0',1449,'2022-06-16'),('0',1456,'2022-06-17'),('0',1465,'2022-06-18'),('0',1468,'2022-06-19'),('0',1477,'2022-06-20'),('0',1496,'2022-06-21'),('0',1496,'2022-06-22'),('0',1504,'2022-06-23'),('0',1507,'2022-06-24'),('0',1511,'2022-06-25'),('0',1532,'2022-06-26'),('0',1552,'2022-06-27'),('0',1567,'2022-06-28'),('0',1572,'2022-06-29'),('0',1573,'2022-06-30'),('0',1577,'2022-07-01'),('0',1582,'2022-07-02'),('0',1584,'2022-07-03'),('0',1589,'2022-07-04'),('0',1594,'2022-07-05'),('0',1600,'2022-07-06'),('0',1602,'2022-07-07'),('0',1637,'2022-07-08'),('0',1638,'2022-07-09'),('0',1641,'2022-07-10'),('0',1645,'2022-07-11'),('0',1649,'2022-07-12'),('0',1649,'2022-07-13'),('0',1667,'2022-07-14'),('0',1672,'2022-07-15'),('0',1677,'2022-07-16'),('0',1684,'2022-07-17'),('0',1687,'2022-07-18'),('0',1691,'2022-07-19'),('0',1700,'2022-07-20'),('0',1704,'2022-07-21'),('0',1704,'2022-07-22'),('0',1708,'2022-07-23'),('0',1722,'2022-07-24'),('0',1730,'2022-07-25'),('0',1737,'2022-07-26'),('0',1738,'2022-07-27'),('0',1742,'2022-07-28'),('0',1749,'2022-07-29'),('0',1759,'2022-07-30'),('0',1763,'2022-07-31'),('0',1768,'2022-08-01'),('0',1768,'2022-08-02'),('0',1774,'2022-08-03'),('0',1789,'2022-08-04'),('0',1792,'2022-08-05'),('0',1802,'2022-08-06'),('0',1805,'2022-08-07'),('0',1811,'2022-08-08'),('0',1817,'2022-08-09'),('0',1832,'2022-08-10'),('0',1846,'2022-08-11'),('0',1849,'2022-08-12'),('0',1856,'2022-08-13'),('0',1864,'2022-08-14'),('0',1876,'2022-08-15'),('0',1880,'2022-08-16'),('0',1886,'2022-08-17'),('0',1889,'2022-08-18'),('0',1899,'2022-08-19'),('0',1907,'2022-08-20'),('0',1912,'2022-08-21'),('0',1919,'2022-08-22'),('0',1921,'2022-08-23'),('0',1924,'2022-08-24'),('0',1929,'2022-08-25'),('0',1936,'2022-08-26'),('0',1939,'2022-08-27'),('0',1942,'2022-08-28'),('0',1947,'2022-08-29'),('0',1954,'2022-08-30'),('0',1974,'2022-08-31'),('0',1997,'2022-09-01'),('0',2009,'2022-09-02'),('0',2034,'2022-09-03'),('0',2049,'2022-09-04'),('0',2068,'2022-09-05'),('0',2077,'2022-09-06'),('0',2097,'2022-09-07'),('0',2112,'2022-09-08'),('0',2122,'2022-09-09'),('0',2136,'2022-09-10'),('0',2154,'2022-09-11'),('0',2168,'2022-09-12'),('0',2175,'2022-09-13'),('0',2180,'2022-09-14'),('0',2193,'2022-09-15'),('0',2199,'2022-09-16'),('0',2202,'2022-09-17'),('0',2210,'2022-09-18'),('0',2212,'2022-09-19'),('0',2216,'2022-09-20'),('0',2227,'2022-09-21'),('0',2236,'2022-09-22'),('0',2254,'2022-09-23'),('0',2262,'2022-09-24'),('0',2275,'2022-09-25'),('0',2290,'2022-09-26'),('0',2306,'2022-09-27'),('0',2312,'2022-09-28'),('0',2325,'2022-09-29'),('0',2338,'2022-09-30'),('0',2354,'2022-10-01'),('0',2377,'2022-10-02'),('0',2380,'2022-10-03'),('0',2424,'2022-10-04'),('0',2435,'2022-10-05'),('0',2449,'2022-10-06'),('0',2466,'2022-10-07'),('0',2472,'2022-10-08'),('0',2486,'2022-10-09'),('0',2495,'2022-10-10'),('0',2504,'2022-10-11'),('0',2505,'2022-10-12'),('0',2511,'2022-10-13'),('0',2521,'2022-10-14'),('0',2524,'2022-10-15'),('0',2529,'2022-10-16'),('0',2537,'2022-10-17'),('0',2548,'2022-10-18'),('0',2554,'2022-10-19'),('0',2567,'2022-10-20'),('0',2573,'2022-10-21'),('0',2579,'2022-10-22'),('0',2584,'2022-10-23'),('0',2590,'2022-10-24'),('0',2611,'2022-10-25'),('0',2628,'2022-10-26'),('0',2631,'2022-10-27'),('0',2640,'2022-10-28'),('0',2659,'2022-10-29'),('0',2672,'2022-10-30'),('0',2686,'2022-10-31'),('0',2698,'2022-11-01'),('0',2714,'2022-11-02'),('0',2734,'2022-11-03'),('0',2750,'2022-11-04'),('0',2758,'2022-11-05'),('0',2765,'2022-11-06'),('0',2771,'2022-11-07'),('0',2786,'2022-11-08'),('0',2801,'2022-11-09'),('0',2804,'2022-11-10'),('0',2814,'2022-11-11'),('0',2838,'2022-11-12'),('0',2840,'2022-11-13'),('0',2848,'2022-11-14'),('0',2861,'2022-11-15'),('0',2871,'2022-11-16'),('0',2878,'2022-11-17'),('0',2879,'2022-11-18'),('0',2885,'2022-11-19'),('0',2886,'2022-11-20'),('0',2892,'2022-11-21'),('0',2895,'2022-11-22'),('0',2897,'2022-11-23'),('0',2898,'2022-11-24'),('0',2899,'2022-11-25'),('0',2901,'2022-11-26'),('0',2905,'2022-11-27'),('0',2908,'2022-11-28'),('0',2911,'2022-11-29'),('0',2914,'2022-11-30'),('0',2915,'2022-12-01'),('0',2916,'2022-12-02'),('0',2917,'2022-12-03'),('0',2922,'2022-12-04'),('0',2924,'2022-12-05'),('0',2929,'2022-12-06'),('0',2935,'2022-12-07'),('0',2937,'2022-12-08'),('0',2937,'2022-12-09'),('0',2940,'2022-12-10'),('0',2942,'2022-12-11'),('0',2966,'2022-12-12'),('0',2966,'2022-12-13'),('0',2970,'2022-12-14'),('0',2975,'2022-12-15'),('0',2980,'2022-12-16'),('0',2985,'2022-12-17'),('0',2987,'2022-12-18'),('0',2988,'2022-12-19'),('0',2995,'2022-12-20'),('0',3002,'2022-12-21'),('0',3003,'2022-12-22'),('0',3005,'2022-12-23'),('0',3006,'2022-12-24'),('0',3011,'2022-12-25'),('0',3016,'2022-12-26'),('0',3016,'2022-12-27'),('0',3017,'2022-12-28'),('0',3018,'2022-12-29'),('0',3026,'2022-12-30'),('0',3029,'2022-12-31'),('0',3031,'2023-01-01'),('0',3031,'2023-01-02'),('0',3036,'2023-01-03'),('0',3038,'2023-01-04'),('0',3041,'2023-01-05'),('0',3064,'2023-01-06'),('0',3066,'2023-01-07'),('0',3069,'2023-01-08'),('0',3080,'2023-01-09'),('0',3084,'2023-01-10'),('0',3094,'2023-01-11'),('0',3094,'2023-01-12'),('0',3098,'2023-01-13'),('0',3104,'2023-01-14'),('0',3106,'2023-01-15'),('0',3118,'2023-01-16'),('0',3121,'2023-01-17'),('0',3130,'2023-01-18'),('0',3136,'2023-01-19'),('0',3139,'2023-01-20'),('0',3140,'2023-01-21'),('0',3145,'2023-01-22'),('0',3150,'2023-01-23'),('0',3152,'2023-01-24'),('0',3161,'2023-01-25'),('0',3175,'2023-01-26'),('0',3182,'2023-01-27'),('0',3189,'2023-01-28'),('0',3197,'2023-01-29'),('0',3201,'2023-01-30'),('0',3201,'2023-01-31'),('0',3209,'2023-02-01'),('0',3211,'2023-02-02'),('0',3215,'2023-02-03'),('0',3218,'2023-02-04'),('1',846,'2022-03-01'),('1',862,'2022-03-02'),('1',900,'2022-03-03'),('1',939,'2022-03-04'),('1',945,'2022-03-05'),('1',985,'2022-03-06'),('1',999,'2022-03-07'),('1',1036,'2022-03-08'),('1',1070,'2022-03-09'),('1',1105,'2022-03-10'),('1',1165,'2022-03-11'),('1',1205,'2022-03-12'),('1',1226,'2022-03-13'),('1',1249,'2022-03-14'),('1',1279,'2022-03-15'),('1',1375,'2022-03-16'),('1',1435,'2022-03-17'),('1',1448,'2022-03-18'),('1',1470,'2022-03-19'),('1',1487,'2022-03-20'),('1',1535,'2022-03-21'),('1',1556,'2022-03-22'),('1',1578,'2022-03-23'),('1',1597,'2022-03-24'),('1',1625,'2022-03-25'),('1',1640,'2022-03-26'),('1',1664,'2022-03-27'),('1',1694,'2022-03-28'),('1',1710,'2022-03-29'),('1',1723,'2022-03-30'),('1',1735,'2022-03-31'),('1',1751,'2022-04-01'),('1',1776,'2022-04-02'),('1',1830,'2022-04-03'),('1',1844,'2022-04-04'),('1',1858,'2022-04-05'),('1',1861,'2022-04-06'),('1',1891,'2022-04-07'),('1',1891,'2022-04-08'),('1',1895,'2022-04-09'),('1',1911,'2022-04-10'),('1',1923,'2022-04-11'),('1',1946,'2022-04-12'),('1',1964,'2022-04-13'),('1',1968,'2022-04-14'),('1',1976,'2022-04-15'),('1',1982,'2022-04-16'),('1',2002,'2022-04-17'),('1',2041,'2022-04-18'),('1',2063,'2022-04-19'),('1',2087,'2022-04-20'),('1',2118,'2022-04-21'),('1',2162,'2022-04-22'),('1',2205,'2022-04-23'),('1',2238,'2022-04-24'),('1',2258,'2022-04-25'),('1',2308,'2022-04-26'),('1',2342,'2022-04-27'),('1',2389,'2022-04-28'),('1',2418,'2022-04-29'),('1',2445,'2022-04-30'),('1',2471,'2022-05-01'),('1',2519,'2022-05-02'),('1',2567,'2022-05-03'),('1',2610,'2022-05-04'),('1',2651,'2022-05-05'),('1',2686,'2022-05-06'),('1',2713,'2022-05-07'),('1',2741,'2022-05-08'),('1',2764,'2022-05-09'),('1',2808,'2022-05-10'),('1',2856,'2022-05-11'),('1',2873,'2022-05-12'),('1',2900,'2022-05-13'),('1',2934,'2022-05-14'),('1',2958,'2022-05-15'),('1',2974,'2022-05-16'),('1',3009,'2022-05-17'),('1',3043,'2022-05-18'),('1',3063,'2022-05-19'),('1',3090,'2022-05-20'),('1',3116,'2022-05-21'),('1',3141,'2022-05-22'),('1',3166,'2022-05-23'),('1',3194,'2022-05-24'),('1',3213,'2022-05-25'),('1',3235,'2022-05-26'),('1',3246,'2022-05-27'),('1',3258,'2022-05-28'),('1',3270,'2022-05-29'),('1',3282,'2022-05-30'),('1',3302,'2022-05-31'),('1',3343,'2022-06-01'),('1',3354,'2022-06-02'),('1',3366,'2022-06-03'),('1',3379,'2022-06-04'),('1',3392,'2022-06-05'),('1',3400,'2022-06-06'),('1',3416,'2022-06-07'),('1',3429,'2022-06-08'),('1',3438,'2022-06-09'),('1',3450,'2022-06-10'),('1',3466,'2022-06-11'),('1',3484,'2022-06-12'),('1',3492,'2022-06-13'),('1',3503,'2022-06-14'),('1',3528,'2022-06-15'),('1',3545,'2022-06-16'),('1',3563,'2022-06-17'),('1',3573,'2022-06-18'),('1',3577,'2022-06-19'),('1',3588,'2022-06-20'),('1',3606,'2022-06-21'),('1',3614,'2022-06-22'),('1',3632,'2022-06-23'),('1',3637,'2022-06-24'),('1',3645,'2022-06-25'),('1',3659,'2022-06-26'),('1',3687,'2022-06-27'),('1',3704,'2022-06-28'),('1',3720,'2022-06-29'),('1',3726,'2022-06-30'),('1',3736,'2022-07-01'),('1',3737,'2022-07-02'),('1',3744,'2022-07-03'),('1',3754,'2022-07-04'),('1',3772,'2022-07-05'),('1',3789,'2022-07-06'),('1',3797,'2022-07-07'),('1',3811,'2022-07-08'),('1',3815,'2022-07-09'),('1',3823,'2022-07-10'),('1',3828,'2022-07-11'),('1',3829,'2022-07-12'),('1',3832,'2022-07-13'),('1',3852,'2022-07-14'),('1',3866,'2022-07-15'),('1',3874,'2022-07-16'),('1',3879,'2022-07-17'),('1',3886,'2022-07-18'),('1',3892,'2022-07-19'),('1',3905,'2022-07-20'),('1',3912,'2022-07-21'),('1',3920,'2022-07-22'),('1',3929,'2022-07-23'),('1',3942,'2022-07-24'),('1',3950,'2022-07-25'),('1',3959,'2022-07-26'),('1',3971,'2022-07-27'),('1',3979,'2022-07-28'),('1',3987,'2022-07-29'),('1',3995,'2022-07-30'),('1',4004,'2022-07-31'),('1',4011,'2022-08-01'),('1',4014,'2022-08-02'),('1',4022,'2022-08-03'),('1',4026,'2022-08-04'),('1',4032,'2022-08-05'),('1',4051,'2022-08-06'),('1',4055,'2022-08-07'),('1',4070,'2022-08-08'),('1',4076,'2022-08-09'),('1',4086,'2022-08-10'),('1',4100,'2022-08-11'),('1',4108,'2022-08-12'),('1',4115,'2022-08-13'),('1',4126,'2022-08-14'),('1',4141,'2022-08-15'),('1',4152,'2022-08-16'),('1',4162,'2022-08-17'),('1',4179,'2022-08-18'),('1',4195,'2022-08-19'),('1',4212,'2022-08-20'),('1',4224,'2022-08-21'),('1',4230,'2022-08-22'),('1',4238,'2022-08-23'),('1',4243,'2022-08-24'),('1',4245,'2022-08-25'),('1',4251,'2022-08-26'),('1',4254,'2022-08-27'),('1',4257,'2022-08-28'),('1',4269,'2022-08-29'),('1',4294,'2022-08-30'),('1',4312,'2022-08-31'),('1',4345,'2022-09-01'),('1',4366,'2022-09-02'),('1',4403,'2022-09-03'),('1',4430,'2022-09-04'),('1',4459,'2022-09-05'),('1',4484,'2022-09-06'),('1',4520,'2022-09-07'),('1',4557,'2022-09-08'),('1',4575,'2022-09-09'),('1',4584,'2022-09-10'),('1',4617,'2022-09-11'),('1',4640,'2022-09-12'),('1',4662,'2022-09-13'),('1',4665,'2022-09-14'),('1',4682,'2022-09-15'),('1',4690,'2022-09-16'),('1',4701,'2022-09-17'),('1',4718,'2022-09-18'),('1',4720,'2022-09-19'),('1',4724,'2022-09-20'),('1',4748,'2022-09-21'),('1',4776,'2022-09-22'),('1',4796,'2022-09-23'),('1',4807,'2022-09-24'),('1',4832,'2022-09-25'),('1',4857,'2022-09-26'),('1',4881,'2022-09-27'),('1',4889,'2022-09-28'),('1',4909,'2022-09-29'),('1',4932,'2022-09-30'),('1',4949,'2022-10-01'),('1',4975,'2022-10-02'),('1',4991,'2022-10-03'),('1',5018,'2022-10-04'),('1',5038,'2022-10-05'),('1',5064,'2022-10-06'),('1',5093,'2022-10-07'),('1',5111,'2022-10-08'),('1',5133,'2022-10-09'),('1',5149,'2022-10-10'),('1',5156,'2022-10-11'),('1',5156,'2022-10-12'),('1',5167,'2022-10-13'),('1',5172,'2022-10-14'),('1',5179,'2022-10-15'),('1',5193,'2022-10-16'),('1',5205,'2022-10-17'),('1',5219,'2022-10-18'),('1',5235,'2022-10-19'),('1',5255,'2022-10-20'),('1',5258,'2022-10-21'),('1',5266,'2022-10-22'),('1',5284,'2022-10-23'),('1',5295,'2022-10-24'),('1',5321,'2022-10-25'),('1',5351,'2022-10-26'),('1',5364,'2022-10-27'),('1',5378,'2022-10-28'),('1',5401,'2022-10-29'),('1',5453,'2022-10-30'),('1',5485,'2022-10-31'),('1',5501,'2022-11-01'),('1',5525,'2022-11-02'),('1',5552,'2022-11-03'),('1',5580,'2022-11-04'),('1',5601,'2022-11-05'),('1',5611,'2022-11-06'),('1',5630,'2022-11-07'),('1',5654,'2022-11-08'),('1',5666,'2022-11-09'),('1',5682,'2022-11-10'),('1',5696,'2022-11-11'),('1',5730,'2022-11-12'),('1',5742,'2022-11-13'),('1',5748,'2022-11-14'),('1',5773,'2022-11-15'),('1',5797,'2022-11-16'),('1',5804,'2022-11-17'),('1',5808,'2022-11-18'),('1',5815,'2022-11-19'),('1',5817,'2022-11-20'),('1',5822,'2022-11-21'),('1',5827,'2022-11-22'),('1',5832,'2022-11-23'),('1',5839,'2022-11-24'),('1',5844,'2022-11-25'),('1',5848,'2022-11-26'),('1',5856,'2022-11-27'),('1',5861,'2022-11-28'),('1',5866,'2022-11-29'),('1',5872,'2022-11-30'),('1',5877,'2022-12-01'),('1',5883,'2022-12-02'),('1',5886,'2022-12-03'),('1',5892,'2022-12-04'),('1',5900,'2022-12-05'),('1',5905,'2022-12-06'),('1',5909,'2022-12-07'),('1',5911,'2022-12-08'),('1',5912,'2022-12-09'),('1',5917,'2022-12-10'),('1',5920,'2022-12-11'),('1',5928,'2022-12-12'),('1',5930,'2022-12-13'),('1',5937,'2022-12-14'),('1',5946,'2022-12-15'),('1',5952,'2022-12-16'),('1',5958,'2022-12-17'),('1',5963,'2022-12-18'),('1',5969,'2022-12-19'),('1',5974,'2022-12-20'),('1',5979,'2022-12-21'),('1',5981,'2022-12-22'),('1',5986,'2022-12-23'),('1',5994,'2022-12-24'),('1',6010,'2022-12-25'),('1',6017,'2022-12-26'),('1',6024,'2022-12-27'),('1',6037,'2022-12-28'),('1',6047,'2022-12-29'),('1',6059,'2022-12-30'),('1',6075,'2022-12-31'),('1',6084,'2023-01-01'),('1',6093,'2023-01-02'),('1',6100,'2023-01-03'),('1',6106,'2023-01-04'),('1',6108,'2023-01-05'),('1',6124,'2023-01-06'),('1',6125,'2023-01-07'),('1',6130,'2023-01-08'),('1',6147,'2023-01-09'),('1',6154,'2023-01-10'),('1',6159,'2023-01-11'),('1',6159,'2023-01-12'),('1',6167,'2023-01-13'),('1',6173,'2023-01-14'),('1',6183,'2023-01-15'),('1',6204,'2023-01-16'),('1',6215,'2023-01-17'),('1',6225,'2023-01-18'),('1',6235,'2023-01-19'),('1',6241,'2023-01-20'),('1',6256,'2023-01-21'),('1',6268,'2023-01-22'),('1',6276,'2023-01-23'),('1',6284,'2023-01-24'),('1',6307,'2023-01-25'),('1',6334,'2023-01-26'),('1',6340,'2023-01-27'),('1',6344,'2023-01-28'),('1',6366,'2023-01-29'),('1',6369,'2023-01-30'),('1',6378,'2023-01-31'),('1',6382,'2023-02-01'),('1',6382,'2023-02-02'),('1',6388,'2023-02-03'),('1',6394,'2023-02-04'),('2',29,'2022-03-01'),('2',30,'2022-03-02'),('2',30,'2022-03-03'),('2',37,'2022-03-04'),('2',39,'2022-03-05'),('2',44,'2022-03-06'),('2',46,'2022-03-07'),('2',48,'2022-03-08'),('2',49,'2022-03-09'),('2',49,'2022-03-10'),('2',57,'2022-03-11'),('2',58,'2022-03-12'),('2',74,'2022-03-13'),('2',77,'2022-03-14'),('2',81,'2022-03-15'),('2',84,'2022-03-16'),('2',86,'2022-03-17'),('2',93,'2022-03-18'),('2',95,'2022-03-19'),('2',96,'2022-03-20'),('2',97,'2022-03-21'),('2',99,'2022-03-22'),('2',101,'2022-03-23'),('2',108,'2022-03-24'),('2',115,'2022-03-25'),('2',117,'2022-03-26'),('2',121,'2022-03-27'),('2',123,'2022-03-28'),('2',127,'2022-03-29'),('2',131,'2022-03-30'),('2',135,'2022-03-31'),('2',143,'2022-04-01'),('2',143,'2022-04-02'),('2',143,'2022-04-03'),('2',147,'2022-04-04'),('2',150,'2022-04-05'),('2',150,'2022-04-06'),('2',150,'2022-04-07'),('2',150,'2022-04-08'),('2',151,'2022-04-09'),('2',152,'2022-04-10'),('2',154,'2022-04-11'),('2',157,'2022-04-12'),('2',158,'2022-04-13'),('2',160,'2022-04-14'),('2',163,'2022-04-15'),('2',163,'2022-04-16'),('2',165,'2022-04-17'),('2',167,'2022-04-18'),('2',169,'2022-04-19'),('2',171,'2022-04-20'),('2',172,'2022-04-21'),('2',176,'2022-04-22'),('2',177,'2022-04-23'),('2',179,'2022-04-24'),('2',181,'2022-04-25'),('2',184,'2022-04-26'),('2',185,'2022-04-27'),('2',187,'2022-04-28'),('2',189,'2022-04-29'),('2',190,'2022-04-30'),('2',192,'2022-05-01'),('2',194,'2022-05-02'),('2',194,'2022-05-03'),('2',194,'2022-05-04'),('2',196,'2022-05-05'),('2',199,'2022-05-06'),('2',199,'2022-05-07'),('2',199,'2022-05-08'),('2',199,'2022-05-09'),('2',199,'2022-05-10'),('2',199,'2022-05-11'),('2',199,'2022-05-12'),('2',200,'2022-05-13'),('2',200,'2022-05-14'),('2',200,'2022-05-15'),('2',200,'2022-05-16'),('2',201,'2022-05-17'),('2',202,'2022-05-18'),('2',203,'2022-05-19'),('2',204,'2022-05-20'),('2',204,'2022-05-21'),('2',204,'2022-05-22'),('2',204,'2022-05-23'),('2',205,'2022-05-24'),('2',206,'2022-05-25'),('2',206,'2022-05-26'),('2',206,'2022-05-27'),('2',207,'2022-05-28'),('2',207,'2022-05-29'),('2',207,'2022-05-30'),('2',208,'2022-05-31'),('2',208,'2022-06-01'),('2',210,'2022-06-02'),('2',210,'2022-06-03'),('2',210,'2022-06-04'),('2',210,'2022-06-05'),('2',211,'2022-06-06'),('2',212,'2022-06-07'),('2',212,'2022-06-08'),('2',212,'2022-06-09'),('2',212,'2022-06-10'),('2',212,'2022-06-11'),('2',212,'2022-06-12'),('2',213,'2022-06-13'),('2',213,'2022-06-14'),('2',213,'2022-06-15'),('2',213,'2022-06-16'),('2',215,'2022-06-17'),('2',216,'2022-06-18'),('2',216,'2022-06-19'),('2',216,'2022-06-20'),('2',216,'2022-06-21'),('2',216,'2022-06-22'),('2',216,'2022-06-23'),('2',216,'2022-06-24'),('2',217,'2022-06-25'),('2',217,'2022-06-26'),('2',217,'2022-06-27'),('2',217,'2022-06-28'),('2',217,'2022-06-29'),('2',217,'2022-06-30'),('2',217,'2022-07-01'),('2',217,'2022-07-02'),('2',217,'2022-07-03'),('2',217,'2022-07-04'),('2',217,'2022-07-05'),('2',217,'2022-07-06'),('2',217,'2022-07-07'),('2',217,'2022-07-08'),('2',217,'2022-07-09'),('2',217,'2022-07-10'),('2',217,'2022-07-11'),('2',217,'2022-07-12'),('2',217,'2022-07-13'),('2',219,'2022-07-14'),('2',220,'2022-07-15'),('2',220,'2022-07-16'),('2',221,'2022-07-17'),('2',221,'2022-07-18'),('2',221,'2022-07-19'),('2',221,'2022-07-20'),('2',221,'2022-07-21'),('2',221,'2022-07-22'),('2',221,'2022-07-23'),('2',221,'2022-07-24'),('2',222,'2022-07-25'),('2',222,'2022-07-26'),('2',222,'2022-07-27'),('2',222,'2022-07-28'),('2',222,'2022-07-29'),('2',222,'2022-07-30'),('2',223,'2022-07-31'),('2',223,'2022-08-01'),('2',223,'2022-08-02'),('2',223,'2022-08-03'),('2',223,'2022-08-04'),('2',223,'2022-08-05'),('2',223,'2022-08-06'),('2',223,'2022-08-07'),('2',223,'2022-08-08'),('2',223,'2022-08-09'),('2',232,'2022-08-10'),('2',232,'2022-08-11'),('2',233,'2022-08-12'),('2',233,'2022-08-13'),('2',233,'2022-08-14'),('2',233,'2022-08-15'),('2',233,'2022-08-16'),('2',233,'2022-08-17'),('2',234,'2022-08-18'),('2',234,'2022-08-19'),('2',234,'2022-08-20'),('2',234,'2022-08-21'),('2',234,'2022-08-22'),('2',234,'2022-08-23'),('2',234,'2022-08-24'),('2',234,'2022-08-25'),('2',234,'2022-08-26'),('2',234,'2022-08-27'),('2',234,'2022-08-28'),('2',234,'2022-08-29'),('2',234,'2022-08-30'),('2',234,'2022-08-31'),('2',234,'2022-09-01'),('2',234,'2022-09-02'),('2',235,'2022-09-03'),('2',236,'2022-09-04'),('2',236,'2022-09-05'),('2',236,'2022-09-06'),('2',237,'2022-09-07'),('2',239,'2022-09-08'),('2',239,'2022-09-09'),('2',239,'2022-09-10'),('2',242,'2022-09-11'),('2',243,'2022-09-12'),('2',244,'2022-09-13'),('2',246,'2022-09-14'),('2',250,'2022-09-15'),('2',250,'2022-09-16'),('2',251,'2022-09-17'),('2',251,'2022-09-18'),('2',252,'2022-09-19'),('2',252,'2022-09-20'),('2',253,'2022-09-21'),('2',253,'2022-09-22'),('2',254,'2022-09-23'),('2',255,'2022-09-24'),('2',259,'2022-09-25'),('2',260,'2022-09-26'),('2',261,'2022-09-27'),('2',262,'2022-09-28'),('2',262,'2022-09-29'),('2',264,'2022-09-30'),('2',264,'2022-10-01'),('2',264,'2022-10-02'),('2',265,'2022-10-03'),('2',266,'2022-10-04'),('2',266,'2022-10-05'),('2',266,'2022-10-06'),('2',266,'2022-10-07'),('2',266,'2022-10-08'),('2',266,'2022-10-09'),('2',267,'2022-10-10'),('2',268,'2022-10-11'),('2',268,'2022-10-12'),('2',268,'2022-10-13'),('2',268,'2022-10-14'),('2',268,'2022-10-15'),('2',268,'2022-10-16'),('2',268,'2022-10-17'),('2',268,'2022-10-18'),('2',269,'2022-10-19'),('2',269,'2022-10-20'),('2',269,'2022-10-21'),('2',270,'2022-10-22'),('2',270,'2022-10-23'),('2',270,'2022-10-24'),('2',271,'2022-10-25'),('2',271,'2022-10-26'),('2',271,'2022-10-27'),('2',272,'2022-10-28'),('2',273,'2022-10-29'),('2',274,'2022-10-30'),('2',275,'2022-10-31'),('2',277,'2022-11-01'),('2',277,'2022-11-02'),('2',277,'2022-11-03'),('2',277,'2022-11-04'),('2',277,'2022-11-05'),('2',277,'2022-11-06'),('2',277,'2022-11-07'),('2',278,'2022-11-08'),('2',278,'2022-11-09'),('2',278,'2022-11-10'),('2',278,'2022-11-11'),('2',278,'2022-11-12'),('2',278,'2022-11-13'),('2',278,'2022-11-14'),('2',278,'2022-11-15'),('2',278,'2022-11-16'),('2',278,'2022-11-17'),('2',278,'2022-11-18'),('2',278,'2022-11-19'),('2',278,'2022-11-20'),('2',278,'2022-11-21'),('2',278,'2022-11-22'),('2',278,'2022-11-23'),('2',278,'2022-11-24'),('2',278,'2022-11-25'),('2',278,'2022-11-26'),('2',278,'2022-11-27'),('2',278,'2022-11-28'),('2',280,'2022-11-29'),('2',280,'2022-11-30'),('2',280,'2022-12-01'),('2',280,'2022-12-02'),('2',280,'2022-12-03'),('2',281,'2022-12-04'),('2',281,'2022-12-05'),('2',281,'2022-12-06'),('2',281,'2022-12-07'),('2',281,'2022-12-08'),('2',281,'2022-12-09'),('2',281,'2022-12-10'),('2',281,'2022-12-11'),('2',281,'2022-12-12'),('2',281,'2022-12-13'),('2',281,'2022-12-14'),('2',281,'2022-12-15'),('2',281,'2022-12-16'),('2',281,'2022-12-17'),('2',281,'2022-12-18'),('2',281,'2022-12-19'),('2',281,'2022-12-20'),('2',282,'2022-12-21'),('2',283,'2022-12-22'),('2',283,'2022-12-23'),('2',283,'2022-12-24'),('2',283,'2022-12-25'),('2',283,'2022-12-26'),('2',283,'2022-12-27'),('2',283,'2022-12-28'),('2',283,'2022-12-29'),('2',283,'2022-12-30'),('2',283,'2022-12-31'),('2',283,'2023-01-01'),('2',283,'2023-01-02'),('2',283,'2023-01-03'),('2',283,'2023-01-04'),('2',284,'2023-01-05'),('2',285,'2023-01-06'),('2',285,'2023-01-07'),('2',285,'2023-01-08'),('2',285,'2023-01-09'),('2',285,'2023-01-10'),('2',285,'2023-01-11'),('2',285,'2023-01-12'),('2',286,'2023-01-13'),('2',286,'2023-01-14'),('2',286,'2023-01-15'),('2',286,'2023-01-16'),('2',286,'2023-01-17'),('2',287,'2023-01-18'),('2',287,'2023-01-19'),('2',287,'2023-01-20'),('2',287,'2023-01-21'),('2',287,'2023-01-22'),('2',287,'2023-01-23'),('2',289,'2023-01-24'),('2',290,'2023-01-25'),('2',292,'2023-01-26'),('2',292,'2023-01-27'),('2',293,'2023-01-28'),('2',293,'2023-01-29'),('2',293,'2023-01-30'),('2',293,'2023-01-31'),('2',293,'2023-02-01'),('2',293,'2023-02-02'),('2',294,'2023-02-03'),('2',294,'2023-02-04'),('3',77,'2022-03-01'),('3',85,'2022-03-02'),('3',90,'2022-03-03'),('3',105,'2022-03-04'),('3',105,'2022-03-05'),('3',109,'2022-03-06'),('3',127,'2022-03-07'),('3',120,'2022-03-08'),('3',120,'2022-03-09'),('3',123,'2022-03-10'),('3',125,'2022-03-11'),('3',135,'2022-03-12'),('3',140,'2022-03-13'),('3',150,'2022-03-14'),('3',150,'2022-03-15'),('3',190,'2022-03-16'),('3',201,'2022-03-17'),('3',205,'2022-03-18'),('3',213,'2022-03-19'),('3',230,'2022-03-20'),('3',240,'2022-03-21'),('3',252,'2022-03-22'),('3',267,'2022-03-23'),('3',280,'2022-03-24'),('3',291,'2022-03-25'),('3',293,'2022-03-26'),('3',294,'2022-03-27'),('3',302,'2022-03-28'),('3',303,'2022-03-29'),('3',305,'2022-03-30'),('3',311,'2022-03-31'),('3',316,'2022-04-01'),('3',317,'2022-04-02'),('3',325,'2022-04-03'),('3',330,'2022-04-04'),('3',332,'2022-04-05'),('3',332,'2022-04-06'),('3',332,'2022-04-07'),('3',333,'2022-04-08'),('3',335,'2022-04-09'),('3',342,'2022-04-10'),('3',347,'2022-04-11'),('3',349,'2022-04-12'),('3',358,'2022-04-13'),('3',366,'2022-04-14'),('3',366,'2022-04-15'),('3',371,'2022-04-16'),('3',376,'2022-04-17'),('3',381,'2022-04-18'),('3',386,'2022-04-19'),('3',391,'2022-04-20'),('3',393,'2022-04-21'),('3',397,'2022-04-22'),('3',403,'2022-04-23'),('3',408,'2022-04-24'),('3',411,'2022-04-25'),('3',416,'2022-04-26'),('3',421,'2022-04-27'),('3',431,'2022-04-28'),('3',435,'2022-04-29'),('3',436,'2022-04-30'),('3',451,'2022-05-01'),('3',459,'2022-05-02'),('3',475,'2022-05-03'),('3',491,'2022-05-04'),('3',499,'2022-05-05'),('3',502,'2022-05-06'),('3',509,'2022-05-07'),('3',509,'2022-05-08'),('3',513,'2022-05-09'),('3',519,'2022-05-10'),('3',528,'2022-05-11'),('3',534,'2022-05-12'),('3',542,'2022-05-13'),('3',551,'2022-05-14'),('3',555,'2022-05-15'),('3',577,'2022-05-16'),('3',578,'2022-05-17'),('3',586,'2022-05-18'),('3',595,'2022-05-19'),('3',596,'2022-05-20'),('3',596,'2022-05-21'),('3',599,'2022-05-22'),('3',604,'2022-05-23'),('3',606,'2022-05-24'),('3',606,'2022-05-25'),('3',617,'2022-05-26'),('3',623,'2022-05-27'),('3',628,'2022-05-28'),('3',631,'2022-05-29'),('3',643,'2022-05-30'),('3',649,'2022-05-31'),('3',659,'2022-06-01'),('3',661,'2022-06-02'),('3',675,'2022-06-03'),('3',680,'2022-06-04'),('3',686,'2022-06-05'),('3',690,'2022-06-06'),('3',694,'2022-06-07'),('3',703,'2022-06-08'),('3',711,'2022-06-09'),('3',712,'2022-06-10'),('3',712,'2022-06-11'),('3',715,'2022-06-12'),('3',718,'2022-06-13'),('3',721,'2022-06-14'),('3',722,'2022-06-15'),('3',729,'2022-06-16'),('3',734,'2022-06-17'),('3',739,'2022-06-18'),('3',745,'2022-06-19'),('3',749,'2022-06-20'),('3',752,'2022-06-21'),('3',752,'2022-06-22'),('3',756,'2022-06-23'),('3',759,'2022-06-24'),('3',764,'2022-06-25'),('3',764,'2022-06-26'),('3',771,'2022-06-27'),('3',778,'2022-06-28'),('3',781,'2022-06-29'),('3',790,'2022-06-30'),('3',796,'2022-07-01'),('3',800,'2022-07-02'),('3',801,'2022-07-03'),('3',804,'2022-07-04'),('3',806,'2022-07-05'),('3',812,'2022-07-06'),('3',815,'2022-07-07'),('3',828,'2022-07-08'),('3',832,'2022-07-09'),('3',834,'2022-07-10'),('3',839,'2022-07-11'),('3',838,'2022-07-12'),('3',839,'2022-07-13'),('3',840,'2022-07-14'),('3',842,'2022-07-15'),('3',842,'2022-07-16'),('3',846,'2022-07-17'),('3',849,'2022-07-18'),('3',851,'2022-07-19'),('3',856,'2022-07-20'),('3',859,'2022-07-21'),('3',863,'2022-07-22'),('3',864,'2022-07-23'),('3',869,'2022-07-24'),('3',876,'2022-07-25'),('3',880,'2022-07-26'),('3',883,'2022-07-27'),('3',894,'2022-07-28'),('3',900,'2022-07-29'),('3',906,'2022-07-30'),('3',916,'2022-07-31'),('3',932,'2022-08-01'),('3',936,'2022-08-02'),('3',939,'2022-08-03'),('3',946,'2022-08-04'),('3',950,'2022-08-05'),('3',955,'2022-08-06'),('3',958,'2022-08-07'),('3',960,'2022-08-08'),('3',964,'2022-08-09'),('3',971,'2022-08-10'),('3',974,'2022-08-11'),('3',975,'2022-08-12'),('3',978,'2022-08-13'),('3',980,'2022-08-14'),('3',985,'2022-08-15'),('3',989,'2022-08-16'),('3',993,'2022-08-17'),('3',1010,'2022-08-18'),('3',1016,'2022-08-19'),('3',1018,'2022-08-20'),('3',1028,'2022-08-21'),('3',1032,'2022-08-22'),('3',1033,'2022-08-23'),('3',1036,'2022-08-24'),('3',1037,'2022-08-25'),('3',1040,'2022-08-26'),('3',1045,'2022-08-27'),('3',1050,'2022-08-28'),('3',1060,'2022-08-29'),('3',1079,'2022-08-30'),('3',1091,'2022-08-31'),('3',1115,'2022-09-01'),('3',1126,'2022-09-02'),('3',1134,'2022-09-03'),('3',1147,'2022-09-04'),('3',1157,'2022-09-05'),('3',1179,'2022-09-06'),('3',1194,'2022-09-07'),('3',1226,'2022-09-08'),('3',1237,'2022-09-09'),('3',1259,'2022-09-10'),('3',1263,'2022-09-11'),('3',1269,'2022-09-12'),('3',1279,'2022-09-13'),('3',1290,'2022-09-14'),('3',1295,'2022-09-15'),('3',1302,'2022-09-16'),('3',1306,'2022-09-17'),('3',1309,'2022-09-18'),('3',1313,'2022-09-19'),('3',1323,'2022-09-20'),('3',1340,'2022-09-21'),('3',1341,'2022-09-22'),('3',1355,'2022-09-23'),('3',1361,'2022-09-24'),('3',1368,'2022-09-25'),('3',1369,'2022-09-26'),('3',1378,'2022-09-27'),('3',1381,'2022-09-28'),('3',1385,'2022-09-29'),('3',1391,'2022-09-30'),('3',1397,'2022-10-01'),('3',1405,'2022-10-02'),('3',1405,'2022-10-03'),('3',1407,'2022-10-04'),('3',1414,'2022-10-05'),('3',1424,'2022-10-06'),('3',1455,'2022-10-07'),('3',1459,'2022-10-08'),('3',1477,'2022-10-09'),('3',1486,'2022-10-10'),('3',1496,'2022-10-11'),('3',1539,'2022-10-12'),('3',1556,'2022-10-13'),('3',1566,'2022-10-14'),('3',1582,'2022-10-15'),('3',1589,'2022-10-16'),('3',1599,'2022-10-17'),('3',1622,'2022-10-18'),('3',1637,'2022-10-19'),('3',1646,'2022-10-20'),('3',1648,'2022-10-21'),('3',1653,'2022-10-22'),('3',1667,'2022-10-23'),('3',1673,'2022-10-24'),('3',1674,'2022-10-25'),('3',1686,'2022-10-26'),('3',1690,'2022-10-27'),('3',1698,'2022-10-28'),('3',1708,'2022-10-29'),('3',1724,'2022-10-30'),('3',1728,'2022-10-31'),('3',1730,'2022-11-01'),('3',1733,'2022-11-02'),('3',1755,'2022-11-03'),('3',1772,'2022-11-04'),('3',1776,'2022-11-05'),('3',1781,'2022-11-06'),('3',1782,'2022-11-07'),('3',1791,'2022-11-08'),('3',1802,'2022-11-09'),('3',1805,'2022-11-10'),('3',1817,'2022-11-11'),('3',1829,'2022-11-12'),('3',1837,'2022-11-13'),('3',1839,'2022-11-14'),('3',1850,'2022-11-15'),('3',1860,'2022-11-16'),('3',1860,'2022-11-17'),('3',1865,'2022-11-18'),('3',1867,'2022-11-19'),('3',1868,'2022-11-20'),('3',1870,'2022-11-21'),('3',1882,'2022-11-22'),('3',1887,'2022-11-23'),('3',1889,'2022-11-24'),('3',1895,'2022-11-25'),('3',1896,'2022-11-26'),('3',1897,'2022-11-27'),('3',1899,'2022-11-28'),('3',1901,'2022-11-29'),('3',1902,'2022-11-30'),('3',1904,'2022-12-01'),('3',1905,'2022-12-02'),('3',1906,'2022-12-03'),('3',1908,'2022-12-04'),('3',1914,'2022-12-05'),('3',1915,'2022-12-06'),('3',1923,'2022-12-07'),('3',1925,'2022-12-08'),('3',1926,'2022-12-09'),('3',1927,'2022-12-10'),('3',1928,'2022-12-11'),('3',1929,'2022-12-12'),('3',1931,'2022-12-13'),('3',1931,'2022-12-14'),('3',1943,'2022-12-15'),('3',1946,'2022-12-16'),('3',1947,'2022-12-17'),('3',1948,'2022-12-18'),('3',1953,'2022-12-19'),('3',1960,'2022-12-20'),('3',1972,'2022-12-21'),('3',1978,'2022-12-22'),('3',1984,'2022-12-23'),('3',1988,'2022-12-24'),('3',1991,'2022-12-25'),('3',1996,'2022-12-26'),('3',1998,'2022-12-27'),('3',1999,'2022-12-28'),('3',2004,'2022-12-29'),('3',2010,'2022-12-30'),('3',2016,'2022-12-31'),('3',2021,'2023-01-01'),('3',2027,'2023-01-02'),('3',2033,'2023-01-03'),('3',2039,'2023-01-04'),('3',2051,'2023-01-05'),('3',2059,'2023-01-06'),('3',2062,'2023-01-07'),('3',2065,'2023-01-08'),('3',2069,'2023-01-09'),('3',2073,'2023-01-10'),('3',2078,'2023-01-11'),('3',2082,'2023-01-12'),('3',2086,'2023-01-13'),('3',2090,'2023-01-14'),('3',2094,'2023-01-15'),('3',2099,'2023-01-16'),('3',2104,'2023-01-17'),('3',2108,'2023-01-18'),('3',2122,'2023-01-19'),('3',2129,'2023-01-20'),('3',2135,'2023-01-21'),('3',2144,'2023-01-22'),('3',2146,'2023-01-23'),('3',2148,'2023-01-24'),('3',2154,'2023-01-25'),('3',2169,'2023-01-26'),('3',2180,'2023-01-27'),('3',2188,'2023-01-28'),('3',2195,'2023-01-29'),('3',2196,'2023-01-30'),('3',2197,'2023-01-31'),('3',2207,'2023-02-01'),('3',2212,'2023-02-02'),('3',2215,'2023-02-03'),('3',2220,'2023-02-04'),('4',29,'2022-03-01'),('4',31,'2022-03-02'),('4',31,'2022-03-03'),('4',37,'2022-03-04'),('4',40,'2022-03-05'),('4',48,'2022-03-06'),('4',68,'2022-03-07'),('4',80,'2022-03-08'),('4',81,'2022-03-09'),('4',81,'2022-03-10'),('4',83,'2022-03-11'),('4',83,'2022-03-12'),('4',86,'2022-03-13'),('4',90,'2022-03-14'),('4',95,'2022-03-15'),('4',108,'2022-03-16'),('4',108,'2022-03-17'),('4',112,'2022-03-18'),('4',115,'2022-03-19'),('4',118,'2022-03-20'),('4',121,'2022-03-21'),('4',123,'2022-03-22'),('4',124,'2022-03-23'),('4',124,'2022-03-24'),('4',125,'2022-03-25'),('4',127,'2022-03-26'),('4',127,'2022-03-27'),('4',127,'2022-03-28'),('4',129,'2022-03-29'),('4',131,'2022-03-30'),('4',131,'2022-03-31'),('4',131,'2022-04-01'),('4',134,'2022-04-02'),('4',134,'2022-04-03'),('4',134,'2022-04-04'),('4',134,'2022-04-05'),('4',135,'2022-04-06'),('4',135,'2022-04-07'),('4',135,'2022-04-08'),('4',136,'2022-04-09'),('4',137,'2022-04-10'),('4',137,'2022-04-11'),('4',140,'2022-04-12'),('4',143,'2022-04-13'),('4',144,'2022-04-14'),('4',144,'2022-04-15'),('4',145,'2022-04-16'),('4',146,'2022-04-17'),('4',147,'2022-04-18'),('4',150,'2022-04-19'),('4',150,'2022-04-20'),('4',151,'2022-04-21'),('4',153,'2022-04-22'),('4',154,'2022-04-23'),('4',154,'2022-04-24'),('4',154,'2022-04-25'),('4',154,'2022-04-26'),('4',155,'2022-04-27'),('4',155,'2022-04-28'),('4',155,'2022-04-29'),('4',155,'2022-04-30'),('4',155,'2022-05-01'),('4',155,'2022-05-02'),('4',155,'2022-05-03'),('4',155,'2022-05-04'),('4',155,'2022-05-05'),('4',155,'2022-05-06'),('4',155,'2022-05-07'),('4',156,'2022-05-08'),('4',158,'2022-05-09'),('4',158,'2022-05-10'),('4',160,'2022-05-11'),('4',161,'2022-05-12'),('4',162,'2022-05-13'),('4',163,'2022-05-14'),('4',164,'2022-05-15'),('4',165,'2022-05-16'),('4',167,'2022-05-17'),('4',167,'2022-05-18'),('4',167,'2022-05-19'),('4',168,'2022-05-20'),('4',169,'2022-05-21'),('4',170,'2022-05-22'),('4',170,'2022-05-23'),('4',170,'2022-05-24'),('4',170,'2022-05-25'),('4',170,'2022-05-26'),('4',170,'2022-05-27'),('4',174,'2022-05-28'),('4',174,'2022-05-29'),('4',174,'2022-05-30'),('4',174,'2022-05-31'),('4',175,'2022-06-01'),('4',175,'2022-06-02'),('4',175,'2022-06-03'),('4',175,'2022-06-04'),('4',175,'2022-06-05'),('4',176,'2022-06-06'),('4',177,'2022-06-07'),('4',178,'2022-06-08'),('4',178,'2022-06-09'),('4',178,'2022-06-10'),('4',178,'2022-06-11'),('4',178,'2022-06-12'),('4',178,'2022-06-13'),('4',179,'2022-06-14'),('4',179,'2022-06-15'),('4',179,'2022-06-16'),('4',180,'2022-06-17'),('4',180,'2022-06-18'),('4',181,'2022-06-19'),('4',181,'2022-06-20'),('4',181,'2022-06-21'),('4',182,'2022-06-22'),('4',183,'2022-06-23'),('4',183,'2022-06-24'),('4',184,'2022-06-25'),('4',184,'2022-06-26'),('4',184,'2022-06-27'),('4',185,'2022-06-28'),('4',185,'2022-06-29'),('4',185,'2022-06-30'),('4',186,'2022-07-01'),('4',186,'2022-07-02'),('4',187,'2022-07-03'),('4',187,'2022-07-04'),('4',187,'2022-07-05'),('4',187,'2022-07-06'),('4',187,'2022-07-07'),('4',187,'2022-07-08'),('4',187,'2022-07-09'),('4',188,'2022-07-10'),('4',188,'2022-07-11'),('4',188,'2022-07-12'),('4',188,'2022-07-13'),('4',188,'2022-07-14'),('4',188,'2022-07-15'),('4',188,'2022-07-16'),('4',188,'2022-07-17'),('4',188,'2022-07-18'),('4',188,'2022-07-19'),('4',188,'2022-07-20'),('4',188,'2022-07-21'),('4',188,'2022-07-22'),('4',188,'2022-07-23'),('4',188,'2022-07-24'),('4',188,'2022-07-25'),('4',189,'2022-07-26'),('4',190,'2022-07-27'),('4',190,'2022-07-28'),('4',190,'2022-07-29'),('4',190,'2022-07-30'),('4',190,'2022-07-31'),('4',190,'2022-08-01'),('4',191,'2022-08-02'),('4',191,'2022-08-03'),('4',191,'2022-08-04'),('4',191,'2022-08-05'),('4',191,'2022-08-06'),('4',191,'2022-08-07'),('4',192,'2022-08-08'),('4',193,'2022-08-09'),('4',193,'2022-08-10'),('4',193,'2022-08-11'),('4',193,'2022-08-12'),('4',193,'2022-08-13'),('4',194,'2022-08-14'),('4',195,'2022-08-15'),('4',196,'2022-08-16'),('4',196,'2022-08-17'),('4',197,'2022-08-18'),('4',197,'2022-08-19'),('4',197,'2022-08-20'),('4',197,'2022-08-21'),('4',198,'2022-08-22'),('4',198,'2022-08-23'),('4',199,'2022-08-24'),('4',202,'2022-08-25'),('4',202,'2022-08-26'),('4',202,'2022-08-27'),('4',202,'2022-08-28'),('4',203,'2022-08-29'),('4',204,'2022-08-30'),('4',204,'2022-08-31'),('4',205,'2022-09-01'),('4',205,'2022-09-02'),('4',205,'2022-09-03'),('4',206,'2022-09-04'),('4',206,'2022-09-05'),('4',207,'2022-09-06'),('4',208,'2022-09-07'),('4',210,'2022-09-08'),('4',211,'2022-09-09'),('4',212,'2022-09-10'),('4',213,'2022-09-11'),('4',213,'2022-09-12'),('4',213,'2022-09-13'),('4',215,'2022-09-14'),('4',215,'2022-09-15'),('4',216,'2022-09-16'),('4',216,'2022-09-17'),('4',217,'2022-09-18'),('4',217,'2022-09-19'),('4',217,'2022-09-20'),('4',217,'2022-09-21'),('4',218,'2022-09-22'),('4',219,'2022-09-23'),('4',220,'2022-09-24'),('4',220,'2022-09-25'),('4',224,'2022-09-26'),('4',224,'2022-09-27'),('4',224,'2022-09-28'),('4',224,'2022-09-29'),('4',225,'2022-09-30'),('4',226,'2022-10-01'),('4',227,'2022-10-02'),('4',228,'2022-10-03'),('4',228,'2022-10-04'),('4',232,'2022-10-05'),('4',232,'2022-10-06'),('4',233,'2022-10-07'),('4',234,'2022-10-08'),('4',235,'2022-10-09'),('4',235,'2022-10-10'),('4',235,'2022-10-11'),('4',235,'2022-10-12'),('4',240,'2022-10-13'),('4',240,'2022-10-14'),('4',242,'2022-10-15'),('4',242,'2022-10-16'),('4',242,'2022-10-17'),('4',242,'2022-10-18'),('4',242,'2022-10-19'),('4',243,'2022-10-20'),('4',243,'2022-10-21'),('4',243,'2022-10-22'),('4',245,'2022-10-23'),('4',245,'2022-10-24'),('4',248,'2022-10-25'),('4',248,'2022-10-26'),('4',249,'2022-10-27'),('4',251,'2022-10-28'),('4',252,'2022-10-29'),('4',252,'2022-10-30'),('4',253,'2022-10-31'),('4',257,'2022-11-01'),('4',258,'2022-11-02'),('4',258,'2022-11-03'),('4',258,'2022-11-04'),('4',260,'2022-11-05'),('4',260,'2022-11-06'),('4',260,'2022-11-07'),('4',260,'2022-11-08'),('4',260,'2022-11-09'),('4',260,'2022-11-10'),('4',261,'2022-11-11'),('4',261,'2022-11-12'),('4',261,'2022-11-13'),('4',261,'2022-11-14'),('4',261,'2022-11-15'),('4',261,'2022-11-16'),('4',261,'2022-11-17'),('4',261,'2022-11-18'),('4',261,'2022-11-19'),('4',261,'2022-11-20'),('4',261,'2022-11-21'),('4',261,'2022-11-22'),('4',261,'2022-11-23'),('4',261,'2022-11-24'),('4',261,'2022-11-25'),('4',261,'2022-11-26'),('4',261,'2022-11-27'),('4',261,'2022-11-28'),('4',261,'2022-11-29'),('4',261,'2022-11-30'),('4',261,'2022-12-01'),('4',262,'2022-12-02'),('4',263,'2022-12-03'),('4',263,'2022-12-04'),('4',264,'2022-12-05'),('4',264,'2022-12-06'),('4',264,'2022-12-07'),('4',264,'2022-12-08'),('4',264,'2022-12-09'),('4',264,'2022-12-10'),('4',264,'2022-12-11'),('4',264,'2022-12-12'),('4',264,'2022-12-13'),('4',264,'2022-12-14'),('4',264,'2022-12-15'),('4',264,'2022-12-16'),('4',264,'2022-12-17'),('4',264,'2022-12-18'),('4',264,'2022-12-19'),('4',266,'2022-12-20'),('4',267,'2022-12-21'),('4',267,'2022-12-22'),('4',267,'2022-12-23'),('4',267,'2022-12-24'),('4',267,'2022-12-25'),('4',267,'2022-12-26'),('4',267,'2022-12-27'),('4',267,'2022-12-28'),('4',268,'2022-12-29'),('4',268,'2022-12-30'),('4',269,'2022-12-31'),('4',269,'2023-01-01'),('4',269,'2023-01-02'),('4',270,'2023-01-03'),('4',270,'2023-01-04'),('4',271,'2023-01-05'),('4',272,'2023-01-06'),('4',272,'2023-01-07'),('4',272,'2023-01-08'),('4',275,'2023-01-09'),('4',275,'2023-01-10'),('4',275,'2023-01-11'),('4',276,'2023-01-12'),('4',276,'2023-01-13'),('4',276,'2023-01-14'),('4',276,'2023-01-15'),('4',276,'2023-01-16'),('4',276,'2023-01-17'),('4',276,'2023-01-18'),('4',277,'2023-01-19'),('4',277,'2023-01-20'),('4',277,'2023-01-21'),('4',277,'2023-01-22'),('4',277,'2023-01-23'),('4',281,'2023-01-24'),('4',281,'2023-01-25'),('4',282,'2023-01-26'),('4',283,'2023-01-27'),('4',284,'2023-01-28'),('4',284,'2023-01-29'),('4',284,'2023-01-30'),('4',284,'2023-01-31'),('4',284,'2023-02-01'),('4',284,'2023-02-02'),('4',284,'2023-02-03'),('4',284,'2023-02-04'),('5',3,'2022-03-01'),('5',3,'2022-03-02'),('5',3,'2022-03-03'),('5',3,'2022-03-04'),('5',3,'2022-03-05'),('5',4,'2022-03-06'),('5',7,'2022-03-07'),('5',7,'2022-03-08'),('5',7,'2022-03-09'),('5',7,'2022-03-10'),('5',7,'2022-03-11'),('5',7,'2022-03-12'),('5',7,'2022-03-13'),('5',8,'2022-03-14'),('5',9,'2022-03-15'),('5',11,'2022-03-16'),('5',11,'2022-03-17'),('5',12,'2022-03-18'),('5',17,'2022-03-19'),('5',21,'2022-03-20'),('5',24,'2022-03-21'),('5',35,'2022-03-22'),('5',42,'2022-03-23'),('5',50,'2022-03-24'),('5',53,'2022-03-25'),('5',53,'2022-03-26'),('5',56,'2022-03-27'),('5',66,'2022-03-28'),('5',71,'2022-03-29'),('5',81,'2022-03-30'),('5',83,'2022-03-31'),('5',85,'2022-04-01'),('5',87,'2022-04-02'),('5',89,'2022-04-03'),('5',92,'2022-04-04'),('5',94,'2022-04-05'),('5',96,'2022-04-06'),('5',111,'2022-04-07'),('5',112,'2022-04-08'),('5',112,'2022-04-09'),('5',112,'2022-04-10'),('5',119,'2022-04-11'),('5',124,'2022-04-12'),('5',132,'2022-04-13'),('5',134,'2022-04-14'),('5',135,'2022-04-15'),('5',138,'2022-04-16'),('5',148,'2022-04-17'),('5',155,'2022-04-18'),('5',158,'2022-04-19'),('5',165,'2022-04-20'),('5',166,'2022-04-21'),('5',172,'2022-04-22'),('5',182,'2022-04-23'),('5',191,'2022-04-24'),('5',201,'2022-04-25'),('5',205,'2022-04-26'),('5',207,'2022-04-27'),('5',215,'2022-04-28'),('5',229,'2022-04-29'),('5',232,'2022-04-30'),('5',245,'2022-05-01'),('5',271,'2022-05-02'),('5',291,'2022-05-03'),('5',303,'2022-05-04'),('5',312,'2022-05-05'),('5',324,'2022-05-06'),('5',341,'2022-05-07'),('5',360,'2022-05-08'),('5',377,'2022-05-09'),('5',380,'2022-05-10'),('5',390,'2022-05-11'),('5',398,'2022-05-12'),('5',405,'2022-05-13'),('5',411,'2022-05-14'),('5',416,'2022-05-15'),('5',427,'2022-05-16'),('5',436,'2022-05-17'),('5',441,'2022-05-18'),('5',455,'2022-05-19'),('5',460,'2022-05-20'),('5',462,'2022-05-21'),('5',470,'2022-05-22'),('5',476,'2022-05-23'),('5',480,'2022-05-24'),('5',491,'2022-05-25'),('5',502,'2022-05-26'),('5',503,'2022-05-27'),('5',503,'2022-05-28'),('5',504,'2022-05-29'),('5',507,'2022-05-30'),('5',515,'2022-05-31'),('5',519,'2022-06-01'),('5',521,'2022-06-02'),('5',535,'2022-06-03'),('5',540,'2022-06-04'),('5',548,'2022-06-05'),('5',551,'2022-06-06'),('5',553,'2022-06-07'),('5',559,'2022-06-08'),('5',562,'2022-06-09'),('5',572,'2022-06-10'),('5',579,'2022-06-11'),('5',582,'2022-06-12'),('5',585,'2022-06-13'),('5',588,'2022-06-14'),('5',591,'2022-06-15'),('5',591,'2022-06-16'),('5',593,'2022-06-17'),('5',594,'2022-06-18'),('5',598,'2022-06-19'),('5',601,'2022-06-20'),('5',611,'2022-06-21'),('5',614,'2022-06-22'),('5',620,'2022-06-23'),('5',622,'2022-06-24'),('5',626,'2022-06-25'),('5',630,'2022-06-26'),('5',636,'2022-06-27'),('5',636,'2022-06-28'),('5',640,'2022-06-29'),('5',641,'2022-06-30'),('5',645,'2022-07-01'),('5',653,'2022-07-02'),('5',654,'2022-07-03'),('5',658,'2022-07-04'),('5',660,'2022-07-05'),('5',664,'2022-07-06'),('5',667,'2022-07-07'),('5',669,'2022-07-08'),('5',674,'2022-07-09'),('5',676,'2022-07-10'),('5',676,'2022-07-11'),('5',676,'2022-07-12'),('5',678,'2022-07-13'),('5',681,'2022-07-14'),('5',681,'2022-07-15'),('5',687,'2022-07-16'),('5',688,'2022-07-17'),('5',690,'2022-07-18'),('5',693,'2022-07-19'),('5',703,'2022-07-20'),('5',710,'2022-07-21'),('5',713,'2022-07-22'),('5',714,'2022-07-23'),('5',714,'2022-07-24'),('5',719,'2022-07-25'),('5',722,'2022-07-26'),('5',726,'2022-07-27'),('5',729,'2022-07-28'),('5',731,'2022-07-29'),('5',733,'2022-07-30'),('5',735,'2022-07-31'),('5',736,'2022-08-01'),('5',739,'2022-08-02'),('5',740,'2022-08-03'),('5',742,'2022-08-04'),('5',742,'2022-08-05'),('5',744,'2022-08-06'),('5',750,'2022-08-07'),('5',754,'2022-08-08'),('5',757,'2022-08-09'),('5',766,'2022-08-10'),('5',772,'2022-08-11'),('5',778,'2022-08-12'),('5',779,'2022-08-13'),('5',784,'2022-08-14'),('5',787,'2022-08-15'),('5',790,'2022-08-16'),('5',792,'2022-08-17'),('5',793,'2022-08-18'),('5',795,'2022-08-19'),('5',803,'2022-08-20'),('5',806,'2022-08-21'),('5',815,'2022-08-22'),('5',817,'2022-08-23'),('5',819,'2022-08-24'),('5',828,'2022-08-25'),('5',834,'2022-08-26'),('5',836,'2022-08-27'),('5',838,'2022-08-28'),('5',844,'2022-08-29'),('5',847,'2022-08-30'),('5',849,'2022-08-31'),('5',851,'2022-09-01'),('5',853,'2022-09-02'),('5',864,'2022-09-03'),('5',864,'2022-09-04'),('5',867,'2022-09-05'),('5',876,'2022-09-06'),('5',880,'2022-09-07'),('5',884,'2022-09-08'),('5',888,'2022-09-09'),('5',898,'2022-09-10'),('5',902,'2022-09-11'),('5',903,'2022-09-12'),('5',904,'2022-09-13'),('5',908,'2022-09-14'),('5',908,'2022-09-15'),('5',908,'2022-09-16'),('5',911,'2022-09-17'),('5',918,'2022-09-18'),('5',920,'2022-09-19'),('5',925,'2022-09-20'),('5',932,'2022-09-21'),('5',941,'2022-09-22'),('5',950,'2022-09-23'),('5',956,'2022-09-24'),('5',966,'2022-09-25'),('5',970,'2022-09-26'),('5',977,'2022-09-27'),('5',989,'2022-09-28'),('5',995,'2022-09-29'),('5',1003,'2022-09-30'),('5',1009,'2022-10-01'),('5',1015,'2022-10-02'),('5',1026,'2022-10-03'),('5',1028,'2022-10-04'),('5',1032,'2022-10-05'),('5',1047,'2022-10-06'),('5',1067,'2022-10-07'),('5',1079,'2022-10-08'),('5',1086,'2022-10-09'),('5',1097,'2022-10-10'),('5',1114,'2022-10-11'),('5',1149,'2022-10-12'),('5',1182,'2022-10-13'),('5',1199,'2022-10-14'),('5',1210,'2022-10-15'),('5',1224,'2022-10-16'),('5',1241,'2022-10-17'),('5',1276,'2022-10-18'),('5',1286,'2022-10-19'),('5',1311,'2022-10-20'),('5',1325,'2022-10-21'),('5',1341,'2022-10-22'),('5',1361,'2022-10-23'),('5',1370,'2022-10-24'),('5',1372,'2022-10-25'),('5',1379,'2022-10-26'),('5',1398,'2022-10-27'),('5',1401,'2022-10-28'),('5',1406,'2022-10-29'),('5',1412,'2022-10-30'),('5',1413,'2022-10-31'),('5',1415,'2022-11-01'),('5',1438,'2022-11-02'),('5',1442,'2022-11-03'),('5',1450,'2022-11-04'),('5',1462,'2022-11-05'),('5',1465,'2022-11-06'),('5',1472,'2022-11-07'),('5',1476,'2022-11-08'),('5',1483,'2022-11-09'),('5',1499,'2022-11-10'),('5',1505,'2022-11-11'),('5',1506,'2022-11-12'),('5',1507,'2022-11-13'),('5',1509,'2022-11-14'),('5',1511,'2022-11-15'),('5',1525,'2022-11-16'),('5',1531,'2022-11-17'),('5',1536,'2022-11-18'),('5',1536,'2022-11-19'),('5',1537,'2022-11-20'),('5',1537,'2022-11-21'),('5',1537,'2022-11-22'),('5',1537,'2022-11-23'),('5',1547,'2022-11-24'),('5',1553,'2022-11-25'),('5',1554,'2022-11-26'),('5',1555,'2022-11-27'),('5',1555,'2022-11-28'),('5',1555,'2022-11-29'),('5',1562,'2022-11-30'),('5',1562,'2022-12-01'),('5',1564,'2022-12-02'),('5',1572,'2022-12-03'),('5',1573,'2022-12-04'),('5',1582,'2022-12-05'),('5',1587,'2022-12-06'),('5',1601,'2022-12-07'),('5',1603,'2022-12-08'),('5',1603,'2022-12-09'),('5',1603,'2022-12-10'),('5',1613,'2022-12-11'),('5',1617,'2022-12-12'),('5',1617,'2022-12-13'),('5',1617,'2022-12-14'),('5',1644,'2022-12-15'),('5',1648,'2022-12-16'),('5',1648,'2022-12-17'),('5',1649,'2022-12-18'),('5',1657,'2022-12-19'),('5',1680,'2022-12-20'),('5',1688,'2022-12-21'),('5',1693,'2022-12-22'),('5',1698,'2022-12-23'),('5',1706,'2022-12-24'),('5',1706,'2022-12-25'),('5',1707,'2022-12-26'),('5',1707,'2022-12-27'),('5',1707,'2022-12-28'),('5',1717,'2022-12-29'),('5',1740,'2022-12-30'),('5',1746,'2022-12-31'),('5',1792,'2023-01-01'),('5',1836,'2023-01-02'),('5',1839,'2023-01-03'),('5',1842,'2023-01-04'),('5',1844,'2023-01-05'),('5',1844,'2023-01-06'),('5',1844,'2023-01-07'),('5',1849,'2023-01-08'),('5',1856,'2023-01-09'),('5',1860,'2023-01-10'),('5',1862,'2023-01-11'),('5',1865,'2023-01-12'),('5',1865,'2023-01-13'),('5',1867,'2023-01-14'),('5',1872,'2023-01-15'),('5',1872,'2023-01-16'),('5',1872,'2023-01-17'),('5',1876,'2023-01-18'),('5',1882,'2023-01-19'),('5',1886,'2023-01-20'),('5',1891,'2023-01-21'),('5',1892,'2023-01-22'),('5',1894,'2023-01-23'),('5',1897,'2023-01-24'),('5',1902,'2023-01-25'),('5',1908,'2023-01-26'),('5',1941,'2023-01-27'),('5',1947,'2023-01-28'),('5',1947,'2023-01-29'),('5',1947,'2023-01-30'),('5',1951,'2023-01-31'),('5',1951,'2023-02-01'),('5',1951,'2023-02-02'),('5',1952,'2023-02-03'),('5',1956,'2023-02-04'),('6',2,'2022-03-01'),('6',2,'2022-03-02'),('6',2,'2022-03-03'),('6',2,'2022-03-04'),('6',2,'2022-03-05'),('6',3,'2022-03-06'),('6',3,'2022-03-07'),('6',3,'2022-03-08'),('6',3,'2022-03-09'),('6',3,'2022-03-10'),('6',3,'2022-03-11'),('6',3,'2022-03-12'),('6',3,'2022-03-13'),('6',3,'2022-03-14'),('6',3,'2022-03-15'),('6',3,'2022-03-16'),('6',3,'2022-03-17'),('6',3,'2022-03-18'),('6',3,'2022-03-19'),('6',3,'2022-03-20'),('6',3,'2022-03-21'),('6',3,'2022-03-22'),('6',4,'2022-03-23'),('6',4,'2022-03-24'),('6',5,'2022-03-25'),('6',7,'2022-03-26'),('6',7,'2022-03-27'),('6',7,'2022-03-28'),('6',7,'2022-03-29'),('6',7,'2022-03-30'),('6',7,'2022-03-31'),('6',7,'2022-04-01'),('6',7,'2022-04-02'),('6',7,'2022-04-03'),('6',7,'2022-04-04'),('6',7,'2022-04-05'),('6',7,'2022-04-06'),('6',7,'2022-04-07'),('6',7,'2022-04-08'),('6',7,'2022-04-09'),('6',7,'2022-04-10'),('6',7,'2022-04-11'),('6',7,'2022-04-12'),('6',7,'2022-04-13'),('6',7,'2022-04-14'),('6',8,'2022-04-15'),('6',8,'2022-04-16'),('6',8,'2022-04-17'),('6',8,'2022-04-18'),('6',8,'2022-04-19'),('6',8,'2022-04-20'),('6',8,'2022-04-21'),('6',8,'2022-04-22'),('6',8,'2022-04-23'),('6',8,'2022-04-24'),('6',8,'2022-04-25'),('6',8,'2022-04-26'),('6',8,'2022-04-27'),('6',8,'2022-04-28'),('6',8,'2022-04-29'),('6',8,'2022-04-30'),('6',8,'2022-05-01'),('6',8,'2022-05-02'),('6',10,'2022-05-03'),('6',10,'2022-05-04'),('6',10,'2022-05-05'),('6',11,'2022-05-06'),('6',11,'2022-05-07'),('6',12,'2022-05-08'),('6',12,'2022-05-09'),('6',12,'2022-05-10'),('6',12,'2022-05-11'),('6',13,'2022-05-12'),('6',13,'2022-05-13'),('6',13,'2022-05-14'),('6',13,'2022-05-15'),('6',13,'2022-05-16'),('6',13,'2022-05-17'),('6',13,'2022-05-18'),('6',13,'2022-05-19'),('6',13,'2022-05-20'),('6',13,'2022-05-21'),('6',13,'2022-05-22'),('6',13,'2022-05-23'),('6',13,'2022-05-24'),('6',13,'2022-05-25'),('6',13,'2022-05-26'),('6',13,'2022-05-27'),('6',13,'2022-05-28'),('6',13,'2022-05-29'),('6',13,'2022-05-30'),('6',13,'2022-05-31'),('6',13,'2022-06-01'),('6',13,'2022-06-02'),('6',13,'2022-06-03'),('6',13,'2022-06-04'),('6',13,'2022-06-05'),('6',13,'2022-06-06'),('6',13,'2022-06-07'),('6',13,'2022-06-08'),('6',13,'2022-06-09'),('6',13,'2022-06-10'),('6',13,'2022-06-11'),('6',13,'2022-06-12'),('6',13,'2022-06-13'),('6',13,'2022-06-14'),('6',13,'2022-06-15'),('6',13,'2022-06-16'),('6',13,'2022-06-17'),('6',14,'2022-06-18'),('6',14,'2022-06-19'),('6',14,'2022-06-20'),('6',14,'2022-06-21'),('6',14,'2022-06-22'),('6',14,'2022-06-23'),('6',14,'2022-06-24'),('6',14,'2022-06-25'),('6',14,'2022-06-26'),('6',14,'2022-06-27'),('6',14,'2022-06-28'),('6',14,'2022-06-29'),('6',14,'2022-06-30'),('6',15,'2022-07-01'),('6',15,'2022-07-02'),('6',15,'2022-07-03'),('6',15,'2022-07-04'),('6',15,'2022-07-05'),('6',15,'2022-07-06'),('6',15,'2022-07-07'),('6',15,'2022-07-08'),('6',15,'2022-07-09'),('6',15,'2022-07-10'),('6',15,'2022-07-11'),('6',15,'2022-07-12'),('6',15,'2022-07-13'),('6',15,'2022-07-14'),('6',15,'2022-07-15'),('6',15,'2022-07-16'),('6',15,'2022-07-17'),('6',15,'2022-07-18'),('6',15,'2022-07-19'),('6',15,'2022-07-20'),('6',15,'2022-07-21'),('6',15,'2022-07-22'),('6',15,'2022-07-23'),('6',15,'2022-07-24'),('6',15,'2022-07-25'),('6',15,'2022-07-26'),('6',15,'2022-07-27'),('6',15,'2022-07-28'),('6',15,'2022-07-29'),('6',15,'2022-07-30'),('6',15,'2022-07-31'),('6',15,'2022-08-01'),('6',15,'2022-08-02'),('6',15,'2022-08-03'),('6',15,'2022-08-04'),('6',15,'2022-08-05'),('6',15,'2022-08-06'),('6',15,'2022-08-07'),('6',15,'2022-08-08'),('6',15,'2022-08-09'),('6',15,'2022-08-10'),('6',15,'2022-08-11'),('6',15,'2022-08-12'),('6',15,'2022-08-13'),('6',15,'2022-08-14'),('6',15,'2022-08-15'),('6',15,'2022-08-16'),('6',15,'2022-08-17'),('6',15,'2022-08-18'),('6',15,'2022-08-19'),('6',15,'2022-08-20'),('6',15,'2022-08-21'),('6',15,'2022-08-22'),('6',15,'2022-08-23'),('6',15,'2022-08-24'),('6',15,'2022-08-25'),('6',15,'2022-08-26'),('6',15,'2022-08-27'),('6',15,'2022-08-28'),('6',15,'2022-08-29'),('6',15,'2022-08-30'),('6',15,'2022-08-31'),('6',15,'2022-09-01'),('6',15,'2022-09-02'),('6',15,'2022-09-03'),('6',15,'2022-09-04'),('6',15,'2022-09-05'),('6',15,'2022-09-06'),('6',15,'2022-09-07'),('6',15,'2022-09-08'),('6',15,'2022-09-09'),('6',15,'2022-09-10'),('6',15,'2022-09-11'),('6',15,'2022-09-12'),('6',15,'2022-09-13'),('6',15,'2022-09-14'),('6',15,'2022-09-15'),('6',15,'2022-09-16'),('6',15,'2022-09-17'),('6',15,'2022-09-18'),('6',15,'2022-09-19'),('6',15,'2022-09-20'),('6',15,'2022-09-21'),('6',15,'2022-09-22'),('6',15,'2022-09-23'),('6',15,'2022-09-24'),('6',15,'2022-09-25'),('6',15,'2022-09-26'),('6',15,'2022-09-27'),('6',15,'2022-09-28'),('6',15,'2022-09-29'),('6',15,'2022-09-30'),('6',15,'2022-10-01'),('6',15,'2022-10-02'),('6',15,'2022-10-03'),('6',15,'2022-10-04'),('6',15,'2022-10-05'),('6',15,'2022-10-06'),('6',15,'2022-10-07'),('6',15,'2022-10-08'),('6',15,'2022-10-09'),('6',15,'2022-10-10'),('6',15,'2022-10-11'),('6',16,'2022-10-12'),('6',16,'2022-10-13'),('6',16,'2022-10-14'),('6',16,'2022-10-15'),('6',16,'2022-10-16'),('6',16,'2022-10-17'),('6',16,'2022-10-18'),('6',16,'2022-10-19'),('6',16,'2022-10-20'),('6',16,'2022-10-21'),('6',16,'2022-10-22'),('6',16,'2022-10-23'),('6',16,'2022-10-24'),('6',16,'2022-10-25'),('6',16,'2022-10-26'),('6',16,'2022-10-27'),('6',16,'2022-10-28'),('6',16,'2022-10-29'),('6',16,'2022-10-30'),('6',16,'2022-10-31'),('6',16,'2022-11-01'),('6',16,'2022-11-02'),('6',16,'2022-11-03'),('6',16,'2022-11-04'),('6',16,'2022-11-05'),('6',16,'2022-11-06'),('6',16,'2022-11-07'),('6',16,'2022-11-08'),('6',16,'2022-11-09'),('6',16,'2022-11-10'),('6',16,'2022-11-11'),('6',16,'2022-11-12'),('6',16,'2022-11-13'),('6',16,'2022-11-14'),('6',16,'2022-11-15'),('6',16,'2022-11-16'),('6',16,'2022-11-17'),('6',16,'2022-11-18'),('6',16,'2022-11-19'),('6',16,'2022-11-20'),('6',16,'2022-11-21'),('6',16,'2022-11-22'),('6',16,'2022-11-23'),('6',16,'2022-11-24'),('6',16,'2022-11-25'),('6',16,'2022-11-26'),('6',16,'2022-11-27'),('6',16,'2022-11-28'),('6',16,'2022-11-29'),('6',16,'2022-11-30'),('6',16,'2022-12-01'),('6',16,'2022-12-02'),('6',16,'2022-12-03'),('6',16,'2022-12-04'),('6',16,'2022-12-05'),('6',16,'2022-12-06'),('6',16,'2022-12-07'),('6',16,'2022-12-08'),('6',16,'2022-12-09'),('6',16,'2022-12-10'),('6',16,'2022-12-11'),('6',16,'2022-12-12'),('6',16,'2022-12-13'),('6',16,'2022-12-14'),('6',16,'2022-12-15'),('6',16,'2022-12-16'),('6',16,'2022-12-17'),('6',16,'2022-12-18'),('6',16,'2022-12-19'),('6',16,'2022-12-20'),('6',16,'2022-12-21'),('6',16,'2022-12-22'),('6',16,'2022-12-23'),('6',16,'2022-12-24'),('6',16,'2022-12-25'),('6',16,'2022-12-26'),('6',16,'2022-12-27'),('6',16,'2022-12-28'),('6',16,'2022-12-29'),('6',16,'2022-12-30'),('6',16,'2022-12-31'),('6',16,'2023-01-01'),('6',16,'2023-01-02'),('6',16,'2023-01-03'),('6',16,'2023-01-04'),('6',16,'2023-01-05'),('6',16,'2023-01-06'),('6',16,'2023-01-07'),('6',16,'2023-01-08'),('6',16,'2023-01-09'),('6',17,'2023-01-10'),('6',17,'2023-01-11'),('6',17,'2023-01-12'),('6',17,'2023-01-13'),('6',17,'2023-01-14'),('6',17,'2023-01-15'),('6',17,'2023-01-16'),('6',17,'2023-01-17'),('6',17,'2023-01-18'),('6',17,'2023-01-19'),('6',17,'2023-01-20'),('6',17,'2023-01-21'),('6',17,'2023-01-22'),('6',18,'2023-01-23'),('6',18,'2023-01-24'),('6',18,'2023-01-25'),('6',18,'2023-01-26'),('6',18,'2023-01-27'),('6',18,'2023-01-28'),('6',18,'2023-01-29'),('6',18,'2023-01-30'),('6',18,'2023-01-31'),('6',18,'2023-02-01'),('6',18,'2023-02-02'),('6',18,'2023-02-03'),('6',18,'2023-02-04'),('7',24,'2022-03-01'),('7',40,'2022-03-02'),('7',42,'2022-03-03'),('7',50,'2022-03-04'),('7',50,'2022-03-05'),('7',50,'2022-03-06'),('7',50,'2022-03-07'),('7',56,'2022-03-08'),('7',56,'2022-03-09'),('7',56,'2022-03-10'),('7',58,'2022-03-11'),('7',62,'2022-03-12'),('7',62,'2022-03-13'),('7',64,'2022-03-14'),('7',64,'2022-03-15'),('7',70,'2022-03-16'),('7',72,'2022-03-17'),('7',72,'2022-03-18'),('7',72,'2022-03-19'),('7',74,'2022-03-20'),('7',80,'2022-03-21'),('7',80,'2022-03-22'),('7',80,'2022-03-23'),('7',82,'2022-03-24'),('7',90,'2022-03-25'),('7',91,'2022-03-26'),('7',93,'2022-03-27'),('7',95,'2022-03-28'),('7',96,'2022-03-29'),('7',96,'2022-03-30'),('7',96,'2022-03-31'),('7',96,'2022-04-01'),('7',100,'2022-04-02'),('7',105,'2022-04-03'),('7',107,'2022-04-04'),('7',107,'2022-04-05'),('7',107,'2022-04-06'),('7',108,'2022-04-07'),('7',108,'2022-04-08'),('7',108,'2022-04-09'),('7',108,'2022-04-10'),('7',111,'2022-04-11'),('7',111,'2022-04-12'),('7',115,'2022-04-13'),('7',122,'2022-04-14'),('7',122,'2022-04-15'),('7',125,'2022-04-16'),('7',127,'2022-04-17'),('7',130,'2022-04-18'),('7',132,'2022-04-19'),('7',136,'2022-04-20'),('7',136,'2022-04-21'),('7',138,'2022-04-22'),('7',143,'2022-04-23'),('7',147,'2022-04-24'),('7',149,'2022-04-25'),('7',149,'2022-04-26'),('7',149,'2022-04-27'),('7',151,'2022-04-28'),('7',151,'2022-04-29'),('7',151,'2022-04-30'),('7',151,'2022-05-01'),('7',152,'2022-05-02'),('7',162,'2022-05-03'),('7',163,'2022-05-04'),('7',169,'2022-05-05'),('7',171,'2022-05-06'),('7',172,'2022-05-07'),('7',179,'2022-05-08'),('7',185,'2022-05-09'),('7',185,'2022-05-10'),('7',185,'2022-05-11'),('7',191,'2022-05-12'),('7',193,'2022-05-13'),('7',195,'2022-05-14'),('7',195,'2022-05-15'),('7',195,'2022-05-16'),('7',198,'2022-05-17'),('7',199,'2022-05-18'),('7',199,'2022-05-19'),('7',200,'2022-05-20'),('7',201,'2022-05-21'),('7',201,'2022-05-22'),('7',201,'2022-05-23'),('7',201,'2022-05-24'),('7',201,'2022-05-25'),('7',201,'2022-05-26'),('7',201,'2022-05-27'),('7',203,'2022-05-28'),('7',203,'2022-05-29'),('7',205,'2022-05-30'),('7',207,'2022-05-31'),('7',207,'2022-06-01'),('7',207,'2022-06-02'),('7',207,'2022-06-03'),('7',207,'2022-06-04'),('7',207,'2022-06-05'),('7',207,'2022-06-06'),('7',207,'2022-06-07'),('7',213,'2022-06-08'),('7',213,'2022-06-09'),('7',222,'2022-06-10'),('7',222,'2022-06-11'),('7',226,'2022-06-12'),('7',226,'2022-06-13'),('7',229,'2022-06-14'),('7',230,'2022-06-15'),('7',233,'2022-06-16'),('7',233,'2022-06-17'),('7',233,'2022-06-18'),('7',235,'2022-06-19'),('7',238,'2022-06-20'),('7',239,'2022-06-21'),('7',239,'2022-06-22'),('7',240,'2022-06-23'),('7',241,'2022-06-24'),('7',241,'2022-06-25'),('7',243,'2022-06-26'),('7',243,'2022-06-27'),('7',243,'2022-06-28'),('7',246,'2022-06-29'),('7',246,'2022-06-30'),('7',246,'2022-07-01'),('7',246,'2022-07-02'),('7',246,'2022-07-03'),('7',246,'2022-07-04'),('7',247,'2022-07-05'),('7',247,'2022-07-06'),('7',247,'2022-07-07'),('7',247,'2022-07-08'),('7',247,'2022-07-09'),('7',247,'2022-07-10'),('7',247,'2022-07-11'),('7',247,'2022-07-12'),('7',247,'2022-07-13'),('7',247,'2022-07-14'),('7',247,'2022-07-15'),('7',247,'2022-07-16'),('7',248,'2022-07-17'),('7',248,'2022-07-18'),('7',248,'2022-07-19'),('7',250,'2022-07-20'),('7',251,'2022-07-21'),('7',251,'2022-07-22'),('7',253,'2022-07-23'),('7',255,'2022-07-24'),('7',257,'2022-07-25'),('7',258,'2022-07-26'),('7',258,'2022-07-27'),('7',258,'2022-07-28'),('7',258,'2022-07-29'),('7',258,'2022-07-30'),('7',259,'2022-07-31'),('7',259,'2022-08-01'),('7',259,'2022-08-02'),('7',259,'2022-08-03'),('7',260,'2022-08-04'),('7',260,'2022-08-05'),('7',260,'2022-08-06'),('7',260,'2022-08-07'),('7',261,'2022-08-08'),('7',261,'2022-08-09'),('7',261,'2022-08-10'),('7',261,'2022-08-11'),('7',261,'2022-08-12'),('7',261,'2022-08-13'),('7',261,'2022-08-14'),('7',261,'2022-08-15'),('7',263,'2022-08-16'),('7',263,'2022-08-17'),('7',265,'2022-08-18'),('7',266,'2022-08-19'),('7',266,'2022-08-20'),('7',266,'2022-08-21'),('7',266,'2022-08-22'),('7',266,'2022-08-23'),('7',266,'2022-08-24'),('7',272,'2022-08-25'),('7',272,'2022-08-26'),('7',274,'2022-08-27'),('7',274,'2022-08-28'),('7',279,'2022-08-29'),('7',282,'2022-08-30'),('7',285,'2022-08-31'),('7',287,'2022-09-01'),('7',289,'2022-09-02'),('7',293,'2022-09-03'),('7',294,'2022-09-04'),('7',294,'2022-09-05'),('7',296,'2022-09-06'),('7',300,'2022-09-07'),('7',305,'2022-09-08'),('7',306,'2022-09-09'),('7',311,'2022-09-10'),('7',311,'2022-09-11'),('7',311,'2022-09-12'),('7',311,'2022-09-13'),('7',311,'2022-09-14'),('7',311,'2022-09-15'),('7',312,'2022-09-16'),('7',312,'2022-09-17'),('7',312,'2022-09-18'),('7',312,'2022-09-19'),('7',318,'2022-09-20'),('7',318,'2022-09-21'),('7',318,'2022-09-22'),('7',326,'2022-09-23'),('7',327,'2022-09-24'),('7',328,'2022-09-25'),('7',330,'2022-09-26'),('7',331,'2022-09-27'),('7',331,'2022-09-28'),('7',331,'2022-09-29'),('7',333,'2022-09-30'),('7',336,'2022-10-01'),('7',337,'2022-10-02'),('7',338,'2022-10-03'),('7',340,'2022-10-04'),('7',341,'2022-10-05'),('7',344,'2022-10-06'),('7',344,'2022-10-07'),('7',345,'2022-10-08'),('7',348,'2022-10-09'),('7',353,'2022-10-10'),('7',353,'2022-10-11'),('7',355,'2022-10-12'),('7',357,'2022-10-13'),('7',362,'2022-10-14'),('7',366,'2022-10-15'),('7',365,'2022-10-16'),('7',366,'2022-10-17'),('7',372,'2022-10-18'),('7',372,'2022-10-19'),('7',372,'2022-10-20'),('7',372,'2022-10-21'),('7',373,'2022-10-22'),('7',374,'2022-10-23'),('7',375,'2022-10-24'),('7',377,'2022-10-25'),('7',379,'2022-10-26'),('7',379,'2022-10-27'),('7',379,'2022-10-28'),('7',380,'2022-10-29'),('7',383,'2022-10-30'),('7',383,'2022-10-31'),('7',383,'2022-11-01'),('7',387,'2022-11-02'),('7',390,'2022-11-03'),('7',391,'2022-11-04'),('7',391,'2022-11-05'),('7',391,'2022-11-06'),('7',391,'2022-11-07'),('7',391,'2022-11-08'),('7',393,'2022-11-09'),('7',393,'2022-11-10'),('7',393,'2022-11-11'),('7',393,'2022-11-12'),('7',393,'2022-11-13'),('7',393,'2022-11-14'),('7',393,'2022-11-15'),('7',393,'2022-11-16'),('7',393,'2022-11-17'),('7',393,'2022-11-18'),('7',393,'2022-11-19'),('7',393,'2022-11-20'),('7',393,'2022-11-21'),('7',395,'2022-11-22'),('7',395,'2022-11-23'),('7',395,'2022-11-24'),('7',395,'2022-11-25'),('7',395,'2022-11-26'),('7',395,'2022-11-27'),('7',395,'2022-11-28'),('7',395,'2022-11-29'),('7',395,'2022-11-30'),('7',395,'2022-12-01'),('7',395,'2022-12-02'),('7',395,'2022-12-03'),('7',395,'2022-12-04'),('7',395,'2022-12-05'),('7',395,'2022-12-06'),('7',395,'2022-12-07'),('7',395,'2022-12-08'),('7',395,'2022-12-09'),('7',397,'2022-12-10'),('7',397,'2022-12-11'),('7',397,'2022-12-12'),('7',404,'2022-12-13'),('7',404,'2022-12-14'),('7',406,'2022-12-15'),('7',410,'2022-12-16'),('7',410,'2022-12-17'),('7',410,'2022-12-18'),('7',410,'2022-12-19'),('7',410,'2022-12-20'),('7',412,'2022-12-21'),('7',413,'2022-12-22'),('7',414,'2022-12-23'),('7',418,'2022-12-24'),('7',418,'2022-12-25'),('7',418,'2022-12-26'),('7',418,'2022-12-27'),('7',418,'2022-12-28'),('7',423,'2022-12-29'),('7',423,'2022-12-30'),('7',423,'2022-12-31'),('7',423,'2023-01-01'),('7',423,'2023-01-02'),('7',424,'2023-01-03'),('7',424,'2023-01-04'),('7',426,'2023-01-05'),('7',431,'2023-01-06'),('7',431,'2023-01-07'),('7',431,'2023-01-08'),('7',434,'2023-01-09'),('7',434,'2023-01-10'),('7',437,'2023-01-11'),('7',437,'2023-01-12'),('7',437,'2023-01-13'),('7',437,'2023-01-14'),('7',437,'2023-01-15'),('7',438,'2023-01-16'),('7',441,'2023-01-17'),('7',442,'2023-01-18'),('7',442,'2023-01-19'),('7',442,'2023-01-20'),('7',443,'2023-01-21'),('7',445,'2023-01-22'),('7',447,'2023-01-23'),('7',448,'2023-01-24'),('7',450,'2023-01-25'),('7',452,'2023-01-26'),('7',452,'2023-01-27'),('7',453,'2023-01-28'),('7',453,'2023-01-29'),('7',453,'2023-01-30'),('7',454,'2023-01-31'),('7',458,'2023-02-01'),('7',458,'2023-02-02'),('7',460,'2023-02-03'),('7',460,'2023-02-04'),('8',1,'2022-03-01'),('8',9,'2022-03-02'),('8',11,'2022-03-03'),('8',18,'2022-03-04'),('8',19,'2022-03-05'),('8',21,'2022-03-06'),('8',23,'2022-03-07'),('8',27,'2022-03-08'),('8',28,'2022-03-09'),('8',29,'2022-03-10'),('8',31,'2022-03-11'),('8',33,'2022-03-12'),('8',34,'2022-03-13'),('8',34,'2022-03-14'),('8',36,'2022-03-15'),('8',43,'2022-03-16'),('8',43,'2022-03-17'),('8',43,'2022-03-18'),('8',44,'2022-03-19'),('8',44,'2022-03-20'),('8',45,'2022-03-21'),('8',45,'2022-03-22'),('8',47,'2022-03-23'),('8',47,'2022-03-24'),('8',49,'2022-03-25'),('8',51,'2022-03-26'),('8',52,'2022-03-27'),('8',54,'2022-03-28'),('8',54,'2022-03-29'),('8',54,'2022-03-30'),('8',54,'2022-03-31'),('8',54,'2022-04-01'),('8',54,'2022-04-02'),('8',54,'2022-04-03'),('8',54,'2022-04-04'),('8',55,'2022-04-05'),('8',55,'2022-04-06'),('8',55,'2022-04-07'),('8',55,'2022-04-08'),('8',55,'2022-04-09'),('8',55,'2022-04-10'),('8',55,'2022-04-11'),('8',63,'2022-04-12'),('8',64,'2022-04-13'),('8',64,'2022-04-14'),('8',66,'2022-04-15'),('8',66,'2022-04-16'),('8',66,'2022-04-17'),('8',67,'2022-04-18'),('8',67,'2022-04-19'),('8',67,'2022-04-20'),('8',67,'2022-04-21'),('8',69,'2022-04-22'),('8',69,'2022-04-23'),('8',69,'2022-04-24'),('8',69,'2022-04-25'),('8',69,'2022-04-26'),('8',71,'2022-04-27'),('8',72,'2022-04-28'),('8',73,'2022-04-29'),('8',77,'2022-04-30'),('8',80,'2022-05-01'),('8',80,'2022-05-02'),('8',80,'2022-05-03'),('8',81,'2022-05-04'),('8',83,'2022-05-05'),('8',83,'2022-05-06'),('8',84,'2022-05-07'),('8',86,'2022-05-08'),('8',87,'2022-05-09'),('8',87,'2022-05-10'),('8',87,'2022-05-11'),('8',87,'2022-05-12'),('8',88,'2022-05-13'),('8',88,'2022-05-14'),('8',89,'2022-05-15'),('8',89,'2022-05-16'),('8',90,'2022-05-17'),('8',91,'2022-05-18'),('8',93,'2022-05-19'),('8',93,'2022-05-20'),('8',93,'2022-05-21'),('8',93,'2022-05-22'),('8',93,'2022-05-23'),('8',93,'2022-05-24'),('8',93,'2022-05-25'),('8',93,'2022-05-26'),('8',93,'2022-05-27'),('8',93,'2022-05-28'),('8',93,'2022-05-29'),('8',93,'2022-05-30'),('8',93,'2022-05-31'),('8',94,'2022-06-01'),('8',95,'2022-06-02'),('8',95,'2022-06-03'),('8',95,'2022-06-04'),('8',95,'2022-06-05'),('8',96,'2022-06-06'),('8',96,'2022-06-07'),('8',96,'2022-06-08'),('8',96,'2022-06-09'),('8',97,'2022-06-10'),('8',97,'2022-06-11'),('8',97,'2022-06-12'),('8',97,'2022-06-13'),('8',97,'2022-06-14'),('8',97,'2022-06-15'),('8',97,'2022-06-16'),('8',97,'2022-06-17'),('8',98,'2022-06-18'),('8',98,'2022-06-19'),('8',98,'2022-06-20'),('8',98,'2022-06-21'),('8',99,'2022-06-22'),('8',99,'2022-06-23'),('8',99,'2022-06-24'),('8',99,'2022-06-25'),('8',99,'2022-06-26'),('8',101,'2022-06-27'),('8',102,'2022-06-28'),('8',103,'2022-06-29'),('8',104,'2022-06-30'),('8',105,'2022-07-01'),('8',105,'2022-07-02'),('8',105,'2022-07-03'),('8',105,'2022-07-04'),('8',105,'2022-07-05'),('8',107,'2022-07-06'),('8',107,'2022-07-07'),('8',107,'2022-07-08'),('8',108,'2022-07-09'),('8',108,'2022-07-10'),('8',109,'2022-07-11'),('8',109,'2022-07-12'),('8',109,'2022-07-13'),('8',109,'2022-07-14'),('8',109,'2022-07-15'),('8',109,'2022-07-16'),('8',110,'2022-07-17'),('8',113,'2022-07-18'),('8',113,'2022-07-19'),('8',113,'2022-07-20'),('8',113,'2022-07-21'),('8',113,'2022-07-22'),('8',113,'2022-07-23'),('8',113,'2022-07-24'),('8',116,'2022-07-25'),('8',117,'2022-07-26'),('8',117,'2022-07-27'),('8',117,'2022-07-28'),('8',117,'2022-07-29'),('8',117,'2022-07-30'),('8',117,'2022-07-31'),('8',117,'2022-08-01'),('8',117,'2022-08-02'),('8',118,'2022-08-03'),('8',118,'2022-08-04'),('8',123,'2022-08-05'),('8',127,'2022-08-06'),('8',132,'2022-08-07'),('8',132,'2022-08-08'),('8',133,'2022-08-09'),('8',133,'2022-08-10'),('8',134,'2022-08-11'),('8',136,'2022-08-12'),('8',136,'2022-08-13'),('8',136,'2022-08-14'),('8',136,'2022-08-15'),('8',136,'2022-08-16'),('8',136,'2022-08-17'),('8',136,'2022-08-18'),('8',141,'2022-08-19'),('8',141,'2022-08-20'),('8',141,'2022-08-21'),('8',145,'2022-08-22'),('8',146,'2022-08-23'),('8',147,'2022-08-24'),('8',148,'2022-08-25'),('8',148,'2022-08-26'),('8',148,'2022-08-27'),('8',148,'2022-08-28'),('8',149,'2022-08-29'),('8',151,'2022-08-30'),('8',152,'2022-08-31'),('8',153,'2022-09-01'),('8',153,'2022-09-02'),('8',153,'2022-09-03'),('8',156,'2022-09-04'),('8',156,'2022-09-05'),('8',156,'2022-09-06'),('8',156,'2022-09-07'),('8',159,'2022-09-08'),('8',159,'2022-09-09'),('8',162,'2022-09-10'),('8',162,'2022-09-11'),('8',162,'2022-09-12'),('8',165,'2022-09-13'),('8',167,'2022-09-14'),('8',167,'2022-09-15'),('8',168,'2022-09-16'),('8',168,'2022-09-17'),('8',168,'2022-09-18'),('8',168,'2022-09-19'),('8',168,'2022-09-20'),('8',168,'2022-09-21'),('8',169,'2022-09-22'),('8',170,'2022-09-23'),('8',170,'2022-09-24'),('8',171,'2022-09-25'),('8',172,'2022-09-26'),('8',175,'2022-09-27'),('8',175,'2022-09-28'),('8',175,'2022-09-29'),('8',176,'2022-09-30'),('8',176,'2022-10-01'),('8',176,'2022-10-02'),('8',176,'2022-10-03'),('8',177,'2022-10-04'),('8',177,'2022-10-05'),('8',177,'2022-10-06'),('8',177,'2022-10-07'),('8',180,'2022-10-08'),('8',180,'2022-10-09'),('8',181,'2022-10-10'),('8',181,'2022-10-11'),('8',183,'2022-10-12'),('8',183,'2022-10-13'),('8',186,'2022-10-14'),('8',186,'2022-10-15'),('8',186,'2022-10-16'),('8',187,'2022-10-17'),('8',188,'2022-10-18'),('8',189,'2022-10-19'),('8',189,'2022-10-20'),('8',189,'2022-10-21'),('8',189,'2022-10-22'),('8',189,'2022-10-23'),('8',189,'2022-10-24'),('8',190,'2022-10-25'),('8',192,'2022-10-26'),('8',192,'2022-10-27'),('8',192,'2022-10-28'),('8',195,'2022-10-29'),('8',197,'2022-10-30'),('8',197,'2022-10-31'),('8',197,'2022-11-01'),('8',198,'2022-11-02'),('8',198,'2022-11-03'),('8',201,'2022-11-04'),('8',202,'2022-11-05'),('8',202,'2022-11-06'),('8',202,'2022-11-07'),('8',203,'2022-11-08'),('8',205,'2022-11-09'),('8',205,'2022-11-10'),('8',205,'2022-11-11'),('8',205,'2022-11-12'),('8',206,'2022-11-13'),('8',206,'2022-11-14'),('8',208,'2022-11-15'),('8',209,'2022-11-16'),('8',209,'2022-11-17'),('8',209,'2022-11-18'),('8',209,'2022-11-19'),('8',209,'2022-11-20'),('8',209,'2022-11-21'),('8',209,'2022-11-22'),('8',209,'2022-11-23'),('8',209,'2022-11-24'),('8',209,'2022-11-25'),('8',209,'2022-11-26'),('8',209,'2022-11-27'),('8',209,'2022-11-28'),('8',209,'2022-11-29'),('8',210,'2022-11-30'),('8',210,'2022-12-01'),('8',210,'2022-12-02'),('8',210,'2022-12-03'),('8',210,'2022-12-04'),('8',211,'2022-12-05'),('8',211,'2022-12-06'),('8',211,'2022-12-07'),('8',211,'2022-12-08'),('8',211,'2022-12-09'),('8',211,'2022-12-10'),('8',211,'2022-12-11'),('8',211,'2022-12-12'),('8',211,'2022-12-13'),('8',211,'2022-12-14'),('8',211,'2022-12-15'),('8',211,'2022-12-16'),('8',211,'2022-12-17'),('8',211,'2022-12-18'),('8',212,'2022-12-19'),('8',212,'2022-12-20'),('8',212,'2022-12-21'),('8',212,'2022-12-22'),('8',212,'2022-12-23'),('8',212,'2022-12-24'),('8',212,'2022-12-25'),('8',212,'2022-12-26'),('8',212,'2022-12-27'),('8',212,'2022-12-28'),('8',212,'2022-12-29'),('8',212,'2022-12-30'),('8',213,'2022-12-31'),('8',213,'2023-01-01'),('8',213,'2023-01-02'),('8',214,'2023-01-03'),('8',215,'2023-01-04'),('8',215,'2023-01-05'),('8',215,'2023-01-06'),('8',217,'2023-01-07'),('8',217,'2023-01-08'),('8',217,'2023-01-09'),('8',217,'2023-01-10'),('8',217,'2023-01-11'),('8',218,'2023-01-12'),('8',218,'2023-01-13'),('8',219,'2023-01-14'),('8',219,'2023-01-15'),('8',220,'2023-01-16'),('8',220,'2023-01-17'),('8',220,'2023-01-18'),('8',220,'2023-01-19'),('8',220,'2023-01-20'),('8',220,'2023-01-21'),('8',220,'2023-01-22'),('8',220,'2023-01-23'),('8',220,'2023-01-24'),('8',220,'2023-01-25'),('8',220,'2023-01-26'),('8',221,'2023-01-27'),('8',221,'2023-01-28'),('8',221,'2023-01-29'),('8',221,'2023-01-30'),('8',221,'2023-01-31'),('8',221,'2023-02-01'),('8',222,'2023-02-02'),('8',222,'2023-02-03'),('8',225,'2023-02-04'),('9',305,'2022-03-01'),('9',355,'2022-03-02'),('9',374,'2022-03-03'),('9',404,'2022-03-04'),('9',409,'2022-03-05'),('9',447,'2022-03-06'),('9',454,'2022-03-07'),('9',474,'2022-03-08'),('9',482,'2022-03-09'),('9',526,'2022-03-10'),('9',558,'2022-03-11'),('9',585,'2022-03-12'),('9',600,'2022-03-13'),('9',617,'2022-03-14'),('9',640,'2022-03-15'),('9',819,'2022-03-16'),('9',864,'2022-03-17'),('9',879,'2022-03-18'),('9',914,'2022-03-19'),('9',947,'2022-03-20'),('9',969,'2022-03-21'),('9',1000,'2022-03-22'),('9',1008,'2022-03-23'),('9',1033,'2022-03-24'),('9',1089,'2022-03-25'),('9',1131,'2022-03-26'),('9',1144,'2022-03-27'),('9',1150,'2022-03-28'),('9',1178,'2022-03-29'),('9',1184,'2022-03-30'),('9',1201,'2022-03-31'),('9',1220,'2022-04-01'),('9',1236,'2022-04-02'),('9',1249,'2022-04-03'),('9',1273,'2022-04-04'),('9',1322,'2022-04-05'),('9',1324,'2022-04-06'),('9',1358,'2022-04-07'),('9',1361,'2022-04-08'),('9',1363,'2022-04-09'),('9',1384,'2022-04-10'),('9',1387,'2022-04-11'),('9',1406,'2022-04-12'),('9',1429,'2022-04-13'),('9',1437,'2022-04-14'),('9',1443,'2022-04-15'),('9',1458,'2022-04-16'),('9',1471,'2022-04-17'),('9',1487,'2022-04-18'),('9',1495,'2022-04-19'),('9',1504,'2022-04-20'),('9',1508,'2022-04-21'),('9',1523,'2022-04-22'),('9',1543,'2022-04-23'),('9',1557,'2022-04-24'),('9',1566,'2022-04-25'),('9',1643,'2022-04-26'),('9',1666,'2022-04-27'),('9',1688,'2022-04-28'),('9',1695,'2022-04-29'),('9',1701,'2022-04-30'),('9',1796,'2022-05-01'),('9',1824,'2022-05-02'),('9',1843,'2022-05-03'),('9',1867,'2022-05-04'),('9',1907,'2022-05-05'),('9',1926,'2022-05-06'),('9',1934,'2022-05-07'),('9',1961,'2022-05-08'),('9',1970,'2022-05-09'),('9',1980,'2022-05-10'),('9',1997,'2022-05-11'),('9',2019,'2022-05-12'),('9',2042,'2022-05-13'),('9',2059,'2022-05-14'),('9',2087,'2022-05-15'),('9',2101,'2022-05-16'),('9',2109,'2022-05-17'),('9',2137,'2022-05-18'),('9',2157,'2022-05-19'),('9',2162,'2022-05-20'),('9',2178,'2022-05-21'),('9',2194,'2022-05-22'),('9',2206,'2022-05-23'),('9',2213,'2022-05-24'),('9',2218,'2022-05-25'),('9',2225,'2022-05-26'),('9',2226,'2022-05-27'),('9',2226,'2022-05-28'),('9',2240,'2022-05-29'),('9',2258,'2022-05-30'),('9',2275,'2022-05-31'),('9',2290,'2022-06-01'),('9',2325,'2022-06-02'),('9',2329,'2022-06-03'),('9',2337,'2022-06-04'),('9',2360,'2022-06-05'),('9',2395,'2022-06-06'),('9',2405,'2022-06-07'),('9',2406,'2022-06-08'),('9',2421,'2022-06-09'),('9',2438,'2022-06-10'),('9',2448,'2022-06-11'),('9',2455,'2022-06-12'),('9',2460,'2022-06-13'),('9',2473,'2022-06-14'),('9',2485,'2022-06-15'),('9',2494,'2022-06-16'),('9',2496,'2022-06-17'),('9',2513,'2022-06-18'),('9',2523,'2022-06-19'),('9',2527,'2022-06-20'),('9',2537,'2022-06-21'),('9',2543,'2022-06-22'),('9',2548,'2022-06-23'),('9',2553,'2022-06-24'),('9',2560,'2022-06-25'),('9',2564,'2022-06-26'),('9',2575,'2022-06-27'),('9',2589,'2022-06-28'),('9',2598,'2022-06-29'),('9',2602,'2022-06-30'),('9',2610,'2022-07-01'),('9',2614,'2022-07-02'),('9',2618,'2022-07-03'),('9',2629,'2022-07-04'),('9',2634,'2022-07-05'),('9',2648,'2022-07-06'),('9',2665,'2022-07-07'),('9',2685,'2022-07-08'),('9',2687,'2022-07-09'),('9',2694,'2022-07-10'),('9',2696,'2022-07-11'),('9',2699,'2022-07-12'),('9',2704,'2022-07-13'),('9',2720,'2022-07-14'),('9',2731,'2022-07-15'),('9',2735,'2022-07-16'),('9',2746,'2022-07-17'),('9',2753,'2022-07-18'),('9',2767,'2022-07-19'),('9',2775,'2022-07-20'),('9',2781,'2022-07-21'),('9',2803,'2022-07-22'),('9',2820,'2022-07-23'),('9',2823,'2022-07-24'),('9',2832,'2022-07-25'),('9',2835,'2022-07-26'),('9',2847,'2022-07-27'),('9',2854,'2022-07-28'),('9',2870,'2022-07-29'),('9',2889,'2022-07-30'),('9',2902,'2022-07-31'),('9',2912,'2022-08-01'),('9',2914,'2022-08-02'),('9',2922,'2022-08-03'),('9',2960,'2022-08-04'),('9',2964,'2022-08-05'),('9',2970,'2022-08-06'),('9',2978,'2022-08-07'),('9',2993,'2022-08-08'),('9',2998,'2022-08-09'),('9',3005,'2022-08-10'),('9',3018,'2022-08-11'),('9',3021,'2022-08-12'),('9',3036,'2022-08-13'),('9',3039,'2022-08-14'),('9',3044,'2022-08-15'),('9',3049,'2022-08-16'),('9',3054,'2022-08-17'),('9',3061,'2022-08-18'),('9',3130,'2022-08-19'),('9',3137,'2022-08-20'),('9',3143,'2022-08-21'),('9',3149,'2022-08-22'),('9',3150,'2022-08-23'),('9',3160,'2022-08-24'),('9',3160,'2022-08-25'),('9',3162,'2022-08-26'),('9',3165,'2022-08-27'),('9',3171,'2022-08-28'),('9',3188,'2022-08-29'),('9',3217,'2022-08-30'),('9',3236,'2022-08-31'),('9',3239,'2022-09-01'),('9',3247,'2022-09-02'),('9',3268,'2022-09-03'),('9',3276,'2022-09-04'),('9',3286,'2022-09-05'),('9',3305,'2022-09-06'),('9',3320,'2022-09-07'),('9',3344,'2022-09-08'),('9',3399,'2022-09-09'),('9',3426,'2022-09-10'),('9',3445,'2022-09-11'),('9',3463,'2022-09-12'),('9',3469,'2022-09-13'),('9',3501,'2022-09-14'),('9',3522,'2022-09-15'),('9',3550,'2022-09-16'),('9',3571,'2022-09-17'),('9',3578,'2022-09-18'),('9',3581,'2022-09-19'),('9',3587,'2022-09-20'),('9',3610,'2022-09-21'),('9',3630,'2022-09-22'),('9',3659,'2022-09-23'),('9',3681,'2022-09-24'),('9',3701,'2022-09-25'),('9',3711,'2022-09-26'),('9',3730,'2022-09-27'),('9',3742,'2022-09-28'),('9',3751,'2022-09-29'),('9',3768,'2022-09-30'),('9',3786,'2022-10-01'),('9',3796,'2022-10-02'),('9',3811,'2022-10-03'),('9',3823,'2022-10-04'),('9',3841,'2022-10-05'),('9',3854,'2022-10-06'),('9',3862,'2022-10-07'),('9',3875,'2022-10-08'),('9',3890,'2022-10-09'),('9',3908,'2022-10-10'),('9',3916,'2022-10-11'),('9',3926,'2022-10-12'),('9',3935,'2022-10-13'),('9',3944,'2022-10-14'),('9',3951,'2022-10-15'),('9',3959,'2022-10-16'),('9',3969,'2022-10-17'),('9',3985,'2022-10-18'),('9',3999,'2022-10-19'),('9',4005,'2022-10-20'),('9',4006,'2022-10-21'),('9',4021,'2022-10-22'),('9',4039,'2022-10-23'),('9',4044,'2022-10-24'),('9',4054,'2022-10-25'),('9',4076,'2022-10-26'),('9',4078,'2022-10-27'),('9',4088,'2022-10-28'),('9',4107,'2022-10-29'),('9',4120,'2022-10-30'),('9',4128,'2022-10-31'),('9',4143,'2022-11-01'),('9',4153,'2022-11-02'),('9',4162,'2022-11-03'),('9',4174,'2022-11-04'),('9',4184,'2022-11-05'),('9',4191,'2022-11-06'),('9',4199,'2022-11-07'),('9',4216,'2022-11-08'),('9',4227,'2022-11-09'),('9',4242,'2022-11-10'),('9',4259,'2022-11-11'),('9',4279,'2022-11-12'),('9',4295,'2022-11-13'),('9',4316,'2022-11-14'),('9',4351,'2022-11-15'),('9',4360,'2022-11-16'),('9',4362,'2022-11-17'),('9',4366,'2022-11-18'),('9',4368,'2022-11-19'),('9',4371,'2022-11-20'),('9',4378,'2022-11-21'),('9',4393,'2022-11-22'),('9',4396,'2022-11-23'),('9',4400,'2022-11-24'),('9',4404,'2022-11-25'),('9',4406,'2022-11-26'),('9',4412,'2022-11-27'),('9',4416,'2022-11-28'),('9',4423,'2022-11-29'),('9',4429,'2022-11-30'),('9',4441,'2022-12-01'),('9',4464,'2022-12-02'),('9',4472,'2022-12-03'),('9',4479,'2022-12-04'),('9',4497,'2022-12-05'),('9',4505,'2022-12-06'),('9',4526,'2022-12-07'),('9',4528,'2022-12-08'),('9',4531,'2022-12-09'),('9',4535,'2022-12-10'),('9',4540,'2022-12-11'),('9',4544,'2022-12-12'),('9',4549,'2022-12-13'),('9',4562,'2022-12-14'),('9',4563,'2022-12-15'),('9',4563,'2022-12-16'),('9',4577,'2022-12-17'),('9',4579,'2022-12-18'),('9',4592,'2022-12-19'),('9',4599,'2022-12-20'),('9',4608,'2022-12-21'),('9',4615,'2022-12-22'),('9',4622,'2022-12-23'),('9',4627,'2022-12-24'),('9',4635,'2022-12-25'),('9',4647,'2022-12-26'),('9',4652,'2022-12-27'),('9',4660,'2022-12-28'),('9',4675,'2022-12-29'),('9',4683,'2022-12-30'),('9',4707,'2022-12-31'),('9',4720,'2023-01-01'),('9',4725,'2023-01-02'),('9',4735,'2023-01-03'),('9',4745,'2023-01-04'),('9',4759,'2023-01-05'),('9',4797,'2023-01-06'),('9',4798,'2023-01-07'),('9',4801,'2023-01-08'),('9',4809,'2023-01-09'),('9',4817,'2023-01-10'),('9',4826,'2023-01-11'),('9',4826,'2023-01-12'),('9',4833,'2023-01-13'),('9',4846,'2023-01-14'),('9',4846,'2023-01-15'),('9',4870,'2023-01-16'),('9',4877,'2023-01-17'),('9',4889,'2023-01-18'),('9',4896,'2023-01-19'),('9',4903,'2023-01-20'),('9',4918,'2023-01-21'),('9',4932,'2023-01-22'),('9',4936,'2023-01-23'),('9',4944,'2023-01-24'),('9',4967,'2023-01-25'),('9',4986,'2023-01-26'),('9',5001,'2023-01-27'),('9',5027,'2023-01-28'),('9',5037,'2023-01-29'),('9',5041,'2023-01-30'),('9',5048,'2023-01-31'),('9',5061,'2023-02-01'),('9',5064,'2023-02-02'),('9',5068,'2023-02-03'),('9',5081,'2023-02-04');
UNLOCK TABLES;

--
-- Table structure for table `migration`
--

DROP TABLE IF EXISTS `migration`;
/*!40101 SET @saved_cs_client     = @@character_set_client */;
/*!40101 SET character_set_client = utf8 */;
CREATE TABLE `migration` (
  `version` varchar(180) NOT NULL,
  `apply_time` int DEFAULT NULL,
  PRIMARY KEY (`version`)
) ENGINE=InnoDB DEFAULT CHARSET=utf8mb4 COLLATE=utf8mb4_0900_ai_ci;
/*!40101 SET character_set_client = @saved_cs_client */;

--
-- Dumping data for table `migration`
--

LOCK TABLES `migration` WRITE;
INSERT INTO `migration` VALUES ('m000000_000000_base',1675655885),('m130524_201442_init',1675655891),('m190124_110200_add_verification_token_column_to_user_table',1675655892);
UNLOCK TABLES;

--
-- Table structure for table `r_casualties`
--

DROP TABLE IF EXISTS `r_casualties`;
/*!40101 SET @saved_cs_client     = @@character_set_client */;
/*!40101 SET character_set_client = utf8 */;
CREATE TABLE `r_casualties` (
  `num` int DEFAULT NULL,
  `time` date NOT NULL,
  PRIMARY KEY (`time`)
) ENGINE=InnoDB DEFAULT CHARSET=utf8mb4 COLLATE=utf8mb4_0900_ai_ci;
/*!40101 SET character_set_client = @saved_cs_client */;

--
-- Dumping data for table `r_casualties`
--

LOCK TABLES `r_casualties` WRITE;
INSERT INTO `r_casualties` VALUES (5710,'2022-03-01'),(5840,'2022-03-02'),(9000,'2022-03-03'),(9166,'2022-03-04'),(10000,'2022-03-05'),(11000,'2022-03-06'),(11000,'2022-03-07'),(12000,'2022-03-08'),(12000,'2022-03-09'),(12000,'2022-03-10'),(12000,'2022-03-11'),(12000,'2022-03-12'),(12000,'2022-03-13'),(12000,'2022-03-14'),(13500,'2022-03-15'),(13800,'2022-03-16'),(14000,'2022-03-17'),(14200,'2022-03-18'),(14400,'2022-03-19'),(14700,'2022-03-20'),(15000,'2022-03-21'),(15300,'2022-03-22'),(15600,'2022-03-23'),(15800,'2022-03-24'),(16100,'2022-03-25'),(16400,'2022-03-26'),(16600,'2022-03-27'),(17000,'2022-03-28'),(17200,'2022-03-29'),(17300,'2022-03-30'),(17500,'2022-03-31'),(17700,'2022-04-01'),(17800,'2022-04-02'),(18000,'2022-04-03'),(18300,'2022-04-04'),(18500,'2022-04-05'),(18600,'2022-04-06'),(18900,'2022-04-07'),(19000,'2022-04-08'),(19100,'2022-04-09'),(19300,'2022-04-10'),(19500,'2022-04-11'),(19600,'2022-04-12'),(19800,'2022-04-13'),(19900,'2022-04-14'),(20000,'2022-04-15'),(20100,'2022-04-16'),(20300,'2022-04-17'),(20600,'2022-04-18'),(20800,'2022-04-19'),(20900,'2022-04-20'),(21000,'2022-04-21'),(21200,'2022-04-22'),(21600,'2022-04-23'),(21800,'2022-04-24'),(21900,'2022-04-25'),(22100,'2022-04-26'),(22400,'2022-04-27'),(22800,'2022-04-28'),(23000,'2022-04-29'),(23200,'2022-04-30'),(23500,'2022-05-01'),(23800,'2022-05-02'),(24200,'2022-05-03'),(24500,'2022-05-04'),(24700,'2022-05-05'),(24900,'2022-05-06'),(25100,'2022-05-07'),(25500,'2022-05-08'),(25650,'2022-05-09'),(26000,'2022-05-10'),(26350,'2022-05-11'),(26650,'2022-05-12'),(26900,'2022-05-13'),(27200,'2022-05-14'),(27400,'2022-05-15'),(27700,'2022-05-16'),(27900,'2022-05-17'),(28300,'2022-05-18'),(28500,'2022-05-19'),(28700,'2022-05-20'),(28850,'2022-05-21'),(29050,'2022-05-22'),(29200,'2022-05-23'),(29350,'2022-05-24'),(29450,'2022-05-25'),(29600,'2022-05-26'),(29750,'2022-05-27'),(30000,'2022-05-28'),(30150,'2022-05-29'),(30350,'2022-05-30'),(30500,'2022-05-31'),(30700,'2022-06-01'),(30850,'2022-06-02'),(30950,'2022-06-03'),(31050,'2022-06-04'),(31150,'2022-06-05'),(31250,'2022-06-06'),(31360,'2022-06-07'),(31500,'2022-06-08'),(31700,'2022-06-09'),(31900,'2022-06-10'),(32050,'2022-06-11'),(32150,'2022-06-12'),(32300,'2022-06-13'),(32500,'2022-06-14'),(32750,'2022-06-15'),(32950,'2022-06-16'),(33150,'2022-06-17'),(33350,'2022-06-18'),(33600,'2022-06-19'),(33800,'2022-06-20'),(34100,'2022-06-21'),(34230,'2022-06-22'),(34430,'2022-06-23'),(34530,'2022-06-24'),(34700,'2022-06-25'),(34850,'2022-06-26'),(35000,'2022-06-27'),(35250,'2022-06-28'),(35450,'2022-06-29'),(35600,'2022-06-30'),(35750,'2022-07-01'),(35870,'2022-07-02'),(35970,'2022-07-03'),(36200,'2022-07-04'),(36350,'2022-07-05'),(36500,'2022-07-06'),(36650,'2022-07-07'),(36900,'2022-07-08'),(37200,'2022-07-09'),(37300,'2022-07-10'),(37400,'2022-07-11'),(37470,'2022-07-12'),(37570,'2022-07-13'),(37870,'2022-07-14'),(38000,'2022-07-15'),(38140,'2022-07-16'),(38300,'2022-07-17'),(38450,'2022-07-18'),(38550,'2022-07-19'),(38750,'2022-07-20'),(38850,'2022-07-21'),(39000,'2022-07-22'),(39240,'2022-07-23'),(39520,'2022-07-24'),(39700,'2022-07-25'),(39870,'2022-07-26'),(40070,'2022-07-27'),(40230,'2022-07-28'),(40500,'2022-07-29'),(40670,'2022-07-30'),(40830,'2022-07-31'),(41030,'2022-08-01'),(41170,'2022-08-02'),(41350,'2022-08-03'),(41500,'2022-08-04'),(41650,'2022-08-05'),(41900,'2022-08-06'),(42200,'2022-08-07'),(42340,'2022-08-08'),(42640,'2022-08-09'),(42800,'2022-08-10'),(43000,'2022-08-11'),(43200,'2022-08-12'),(43400,'2022-08-13'),(43550,'2022-08-14'),(43750,'2022-08-15'),(43900,'2022-08-16'),(44100,'2022-08-17'),(44300,'2022-08-18'),(44700,'2022-08-19'),(44900,'2022-08-20'),(45200,'2022-08-21'),(45400,'2022-08-22'),(45550,'2022-08-23'),(45700,'2022-08-24'),(45850,'2022-08-25'),(46250,'2022-08-26'),(46500,'2022-08-27'),(46750,'2022-08-28'),(47100,'2022-08-29'),(47550,'2022-08-30'),(47900,'2022-08-31'),(48350,'2022-09-01'),(48700,'2022-09-02'),(49050,'2022-09-03'),(49500,'2022-09-04'),(49800,'2022-09-05'),(50150,'2022-09-06'),(50610,'2022-09-07'),(51250,'2022-09-08'),(51900,'2022-09-09'),(52250,'2022-09-10'),(52650,'2022-09-11'),(52950,'2022-09-12'),(53300,'2022-09-13'),(53650,'2022-09-14'),(53850,'2022-09-15'),(54050,'2022-09-16'),(54250,'2022-09-17'),(54480,'2022-09-18'),(54650,'2022-09-19'),(54810,'2022-09-20'),(55110,'2022-09-21'),(55510,'2022-09-22'),(56060,'2022-09-23'),(56300,'2022-09-24'),(56700,'2022-09-25'),(57200,'2022-09-26'),(57750,'2022-09-27'),(58150,'2022-09-28'),(58580,'2022-09-29'),(59080,'2022-09-30'),(59610,'2022-10-01'),(60110,'2022-10-02'),(60430,'2022-10-03'),(60800,'2022-10-04'),(61000,'2022-10-05'),(61330,'2022-10-06'),(61680,'2022-10-07'),(62060,'2022-10-08'),(62500,'2022-10-09'),(62870,'2022-10-10'),(63110,'2022-10-11'),(63380,'2022-10-12'),(63800,'2022-10-13'),(64300,'2022-10-14'),(64700,'2022-10-15'),(65000,'2022-10-16'),(65320,'2022-10-17'),(65850,'2022-10-18'),(66280,'2022-10-19'),(66650,'2022-10-20'),(66750,'2022-10-21'),(67070,'2022-10-22'),(67470,'2022-10-23'),(67940,'2022-10-24'),(68420,'2022-10-25'),(68900,'2022-10-26'),(69220,'2022-10-27'),(69700,'2022-10-28'),(70250,'2022-10-29'),(71200,'2022-10-30'),(71820,'2022-10-31'),(72470,'2022-11-01'),(73270,'2022-11-02'),(74000,'2022-11-03'),(74840,'2022-11-04'),(75440,'2022-11-05'),(75930,'2022-11-06'),(76460,'2022-11-07'),(77170,'2022-11-08'),(77950,'2022-11-09'),(78690,'2022-11-10'),(79400,'2022-11-11'),(80210,'2022-11-12'),(80860,'2022-11-13'),(81370,'2022-11-14'),(82080,'2022-11-15'),(82710,'2022-11-16'),(83110,'2022-11-17'),(83460,'2022-11-18'),(83880,'2022-11-19'),(84210,'2022-11-20'),(84600,'2022-11-21'),(85000,'2022-11-22'),(85410,'2022-11-23'),(85720,'2022-11-24'),(86150,'2022-11-25'),(86710,'2022-11-26'),(87310,'2022-11-27'),(87900,'2022-11-28'),(88380,'2022-11-29'),(88880,'2022-11-30'),(90090,'2022-12-02'),(90600,'2022-12-03'),(91150,'2022-12-04'),(91690,'2022-12-05'),(92200,'2022-12-06'),(92740,'2022-12-07'),(93080,'2022-12-08'),(93390,'2022-12-09'),(93760,'2022-12-10'),(94140,'2022-12-11'),(94760,'2022-12-12'),(95260,'2022-12-13'),(96000,'2022-12-14'),(96590,'2022-12-15'),(97270,'2022-12-16'),(97690,'2022-12-17'),(98280,'2022-12-18'),(98800,'2022-12-19'),(99230,'2022-12-20'),(99740,'2022-12-21'),(100400,'2022-12-22'),(100950,'2022-12-23'),(101430,'2022-12-24'),(102050,'2022-12-25'),(102600,'2022-12-26'),(103220,'2022-12-27'),(103770,'2022-12-28'),(104560,'2022-12-29'),(105250,'2022-12-30'),(105960,'2022-12-31'),(106720,'2023-01-01'),(107440,'2023-01-02'),(108190,'2023-01-03'),(108910,'2023-01-04'),(109720,'2023-01-05'),(110250,'2023-01-06'),(110740,'2023-01-07'),(111170,'2023-01-08'),(111760,'2023-01-09'),(112470,'2023-01-10'),(112960,'2023-01-11'),(113390,'2023-01-12'),(114130,'2023-01-13'),(114660,'2023-01-14'),(115290,'2023-01-15'),(116080,'2023-01-16'),(116950,'2023-01-17'),(117770,'2023-01-18'),(118530,'2023-01-19'),(119300,'2023-01-20'),(120160,'2023-01-21'),(120760,'2023-01-22'),(121480,'2023-01-23'),(122170,'2023-01-24'),(123080,'2023-01-25'),(123860,'2023-01-26'),(124710,'2023-01-27'),(125510,'2023-01-28'),(126160,'2023-01-29'),(126650,'2023-01-30'),(127500,'2023-01-31'),(128420,'2023-02-01'),(129030,'2023-02-02'),(129870,'2023-02-03'),(130590,'2023-02-04'),(89440,'2023-12-01');
UNLOCK TABLES;

--
-- Table structure for table `ru_news`
--

DROP TABLE IF EXISTS `ru_news`;
/*!40101 SET @saved_cs_client     = @@character_set_client */;
/*!40101 SET character_set_client = utf8 */;
CREATE TABLE `ru_news` (
  `id` int NOT NULL AUTO_INCREMENT,
  `title` text,
  `url` text,
  `author` text,
  `date` text,
  `description` longtext,
  `img_path` text,
  `comment_num` int NOT NULL DEFAULT '0',
  `score` float NOT NULL DEFAULT '0',
  PRIMARY KEY (`id`),
  UNIQUE KEY `news_id_uindex` (`id`)
) ENGINE=InnoDB AUTO_INCREMENT=11 DEFAULT CHARSET=utf8mb4 COLLATE=utf8mb4_0900_ai_ci;
/*!40101 SET character_set_client = @saved_cs_client */;

--
-- Dumping data for table `ru_news`
--

LOCK TABLES `ru_news` WRITE;
INSERT INTO `ru_news` VALUES (1,'U.S. Presses Partners to Weed Out Illicit Trade With Russia','/2023/02/04/world/middleeast/us-turkey-uae-russia-sanctions.html','Ben Hubbard','Feb.4, 2023','American officials worry that commercial activities in Turkey and the United Arab Emirates could be fueling Russia鈥檚 war machine and have threatened to punish those involved.','U.S. Presses Partners to Weed Out Illicit Trade With Russia',2649,2.6),(2,'Russia Pushes to Take Ukrainian Town Near a Vital Supply Line','/2023/02/04/world/europe/ukraine-russia-war-vuhledar.html','Marc Santora','Feb.4, 2023','Ukraine has used the strategic town of Vuhledar to launch attacks disrupting transit on a critical rail link between the war鈥檚 southern and eastern fronts.','Russia Pushes to Take Ukrainian Town Near a Vital Supply Line',7,7.5),(3,'U.S. Sends Longer-Range Weapons','/2023/02/03/briefing/russia-ukraine-war-weapons.html','Carole Landry','Feb.3, 2023','The latest aid package will allow Ukraine to hit targets 90 miles away.','U.S. Sends Longer-Range Weapons',23,5.4),(4,'What Weapons Is Ukraine Getting, and Will They Arrive in Time?','/article/ukraine-weapons-jets-tanks.html','Lara Jakes','Feb.3, 2023','Kyiv has been promised scores of tanks and other armor, and the longest range munitions yet. But with a looming Russian offensive, a race is on to get the mat茅riel to the battlefield.','What Weapons Is Ukraine Getting, and Will They Arrive in Time',668,8.9),(6,'Your Friday Briefing: The U.S. Military Expands in the Philippines','/2023/02/02/briefing/us-philippines-military-china-asia.html','Amelia Nierenberg','Feb.2, 2023','Also, Vladimir Putin evokes Stalingrad and a contested film is a box-office hit in India.','Your Friday Briefing The U.S. Military Expands in the Philippines',25,9.9),(7,'Deadly Russian Attack Destroys Kramatorsk Apartment','/video/world/europe/100000008752417/ukraine-kramatorsk-strike.html','Reuters','Feb.2, 2023','Rescue crews helped injured and trapped civilians in the industrial Ukrainian city of Kramatorsk, which has been the site of frequent attacks since Russia鈥檚 invasion.','Deadly Russian Attack Destroys Kramatorsk Apartment',43,1.2),(8,'Has the Russian Offensive Begun?','/2023/02/01/briefing/russia-ukraine-war-trade.html','Carole Landry','Feb.1, 2023','Ukraine is bracing for a major escalation in the Donbas.','Has the Russian Offensive Begun',4,1.4),(9,'Your Thursday Briefing: Rising Militancy in Pakistan','/2023/02/01/briefing/pakistan-peshawar-bombing-adani-asia.html','Amelia Nierenberg','Feb.1, 2023','Also, Adani Enterprises pulls its offering and soldiers die on both sides in Bakhmut.','Your Thursday Briefing Rising Militancy in Pakistan',38,0.6),(10,'Your Wednesday Briefing: China Rebounds','/2023/01/31/briefing/china-covid-economy-asia.html','Amelia Nierenberg ','Jan.31, 2023','Also, Russia resilient economy and Sri Lanka enduring struggle.','Your Wednesday Briefing China Rebounds',1927,5.2);
UNLOCK TABLES;

--
-- Table structure for table `suggestion`
--

DROP TABLE IF EXISTS `suggestion`;
/*!40101 SET @saved_cs_client     = @@character_set_client */;
/*!40101 SET character_set_client = utf8 */;
CREATE TABLE `suggestion` (
  `id` int NOT NULL,
  `username` varchar(255) CHARACTER SET utf8 COLLATE utf8_bin NOT NULL,
  `email` varchar(255) CHARACTER SET utf8 COLLATE utf8_bin NOT NULL,
  `suggestion` varchar(800) CHARACTER SET utf8 COLLATE utf8_bin NOT NULL,
  PRIMARY KEY (`id`)
) ENGINE=InnoDB DEFAULT CHARSET=utf8mb3 COLLATE=utf8_bin;
/*!40101 SET character_set_client = @saved_cs_client */;

--
-- Dumping data for table `suggestion`
--

LOCK TABLES `suggestion` WRITE;
INSERT INTO `suggestion` VALUES (0,'li','admin@admin.com','444444'),(1,'li','admin@admin.com','444444'),(2,'li','admin@admin.com','444444'),(3,'li','admin@admin.com','444444'),(4,'li','admin@admin.com','444444'),(5,'su','admin@admin.com','0'),(6,'su','admin@admin.com','0'),(7,'su','admin@admin.com','0'),(8,'su','admin@admin.com','0'),(9,'su','admin@admin.com','0'),(10,'su','admin@admin.com','0'),(11,'su','admin@admin.com','5'),(12,'su','admin@admin.com','6'),(13,'su','admin@admin.com','7'),(14,'su','admin@admin.com','3'),(15,'su','admin@admin.com','3'),(16,'su','admin@admin.com','555'),(17,'su','admin@admin.com','6'),(18,'li','admin@admin.com','7'),(19,'su','admin@admin.com','7'),(20,'su','admin@admin.com','222'),(21,'su','admin@admin.com','3'),(22,'su','admin@admin.com','1'),(23,'su','admin@admin.com','456'),(24,'li','admin@admin.com','u'),(25,'li','admin@admin.com','eee'),(26,'su','admin@admin.com','sss'),(27,'su','admin@admin.com','sssss'),(28,'su','admin@admin.com','sss'),(29,'su','admin@admin.com','1111'),(30,'zhang','admin@admin.com','rft'),(31,'su','admin@admin.com','aaa'),(32,'li','admin@admin.com','1'),(33,'su','admin@admin.com','1'),(34,'su','admin@admin.com','xxx'),(35,'su','admin@admin.com','ddd'),(36,'123123','a123@123.123','123123'),(37,'123123123','123123@123.123','123123');
UNLOCK TABLES;

--
-- Table structure for table `team_members`
--

DROP TABLE IF EXISTS `team_members`;
/*!40101 SET @saved_cs_client     = @@character_set_client */;
/*!40101 SET character_set_client = utf8 */;
CREATE TABLE `team_members` (
  `m_name` varchar(10) NOT NULL,
  `Student_id` int NOT NULL,
  `Login` varchar(500) CHARACTER SET utf8 COLLATE utf8_general_ci NOT NULL,
  `pass_word` varchar(20) NOT NULL,
  PRIMARY KEY (`Student_id`)
) ENGINE=MyISAM DEFAULT CHARSET=utf8mb3;
/*!40101 SET character_set_client = @saved_cs_client */;

--
-- Dumping data for table `team_members`
--

LOCK TABLES `team_members` WRITE;
INSERT INTO `team_members` VALUES ('罗昕珂',2013622,'admin2','12345678');
UNLOCK TABLES;

--
-- Table structure for table `time_info`
--

DROP TABLE IF EXISTS `time_info`;
/*!40101 SET @saved_cs_client     = @@character_set_client */;
/*!40101 SET character_set_client = utf8 */;
CREATE TABLE `time_info` (
  `date` date NOT NULL,
  `event` text NOT NULL,
  `url` text NOT NULL,
  PRIMARY KEY (`date`)
) ENGINE=MyISAM DEFAULT CHARSET=latin1;
/*!40101 SET character_set_client = @saved_cs_client */;

--
-- Dumping data for table `time_info`
--

LOCK TABLES `time_info` WRITE;
INSERT INTO `time_info` VALUES ('2022-02-24','The Russian-Ukrainian conflict officially breaks out. On the same day, Ukraine announces the closure of the national airspace and the severance of diplomatic relations with Russia, and President Zelensky states that Ukraine is in a state of war. On the same day, Russian troops shelled troops in eastern Ukraine, military command centres in other regions and airports.','https://baijiahao.baidu.com/s?id=1725653634185725245&wfr=spider&for=pc'),('2022-03-07','Russia offers 3 conditions for ceasefire to Ukraine.','https://baijiahao.baidu.com/s?id=1726644297694878658&wfr=spider&for=pc'),('2022-03-10','Russia-Ukraine foreign minister talks, no ceasefire deal.','https://baijiahao.baidu.com/s?id=1726910232807169208&wfr=spider&for=pc'),('2022-03-23','Russia and Ukraine have agreed to open nine humanitarian corridors to evacuate civilians.','https://baijiahao.baidu.com/s?id=1728091695446326369'),('2022-03-29','Five rounds of peace talks between Russia and Ukraine.','https://baike.baidu.com/item/%E4%BF%84%E4%B9%8C%E5%92%8C%E5%B9%B3%E8%B0%88%E5%88%A4/60184082?fr=aladdin'),('2022-04-08','Russia\'s seat on the UN Human Rights Council suspended.','https://baijiahao.baidu.com/s?id=1729490873338379691&wfr=spider&for=pc'),('2022-04-19','Zelensky: Russian troops begin offensive in Donbass.','https://baijiahao.baidu.com/s?id=1730492780367801362&wfr=spider&for=pc'),('2022-04-20','Ukrainian side confirms Russian occupation of Crimea.','https://baijiahao.baidu.com/s?id=1730595189072426641&wfr=spider&for=pc'),('2022-04-21','Putin: Battle operation to liberate Mariupol a success.','https://baijiahao.baidu.com/s?id=1730704848313853826&wfr=spider&for=pc'),('2022-05-05','Russian troops have stormed Azov steel plant.','https://baijiahao.baidu.com/s?id=1731940049818179683'),('2022-05-16','NATO pledges unrestricted military support to Ukraine.','https://baijiahao.baidu.com/s?id=1732968527895039415&wfr=spider&for=pc'),('2022-05-17','Ukrainian side hands over control of Mariupol to Russian side.','https://3w.huanqiu.com/a/a4d1ef/482l1fMbxFC'),('2022-05-21','Russia announces it has taken full control of the Azov steel plant in Mariupol.','https://baijiahao.baidu.com/s?id=1733390522391952384&wfr=spider&for=pc'),('2022-05-31','Russian troops storm North Donetsk city centre.','https://baijiahao.baidu.com/s?id=1734295296982801470'),('2022-06-02','Zelensky: Russia already controls one-fifth of Ukraine\'s territory.','https://baijiahao.baidu.com/s?id=1734524902503753619&wfr=spider&for=pc'),('2022-06-09','Zelenski signs presidential decree sanctioning Putin.','https://baijiahao.baidu.com/s?id=1735170691786689261&wfr=spider&for=pc'),('2022-06-26','Russian Defence Ministry: Russian troops and Lugansk forces are in full control of North Donetsk.','https://baijiahao.baidu.com/s?id=1736639524353703262'),('2022-06-30','Russian Defence Ministry: Russian troops withdrawn from Snake Island as a gesture of goodwill.','https://baijiahao.baidu.com/s?id=1737049124666458273&wfr=spider&for=pc'),('2022-07-03','Explosion in Russian city of Belgorod, Russian response: Ukrainian aggression.','https://baijiahao.baidu.com/s?id=1737310446904938764&wfr=spider&for=pc'),('2022-07-04','Russian defence minister says Russian troops are in full control of Lissichansk Ukrainian side says Ukrainian troops have withdrawn.','https://baijiahao.baidu.com/s?id=1737374482861022916&wfr=spider&for=pc'),('2022-07-12','Zelenski orders a million troops to counter-attack.','https://haokan.baidu.com/v?pd=wisenatural&vid=8797828313457455395'),('2022-08-03','Russia accuses US of direct involvement in Russia-Ukraine war for the first time','https://baijiahao.baidu.com/s?id=1740120083878938648&wfr=spider&for=pc'),('2022-08-09','Pentagon official: Russian military casualties exceed 70,000.','https://baijiahao.baidu.com/s?id=1740655134450686248'),('2022-08-10','500 Russian troops use Zaporozhye nuclear power plant as cover for shelling U.S. Army positions: U.S. official.','https://baijiahao.baidu.com/s?id=1740737221581284551&wfr=spider&for=pc'),('2022-08-12','UN meeting on Zaporozhye nuclear power plant attack.','https://baijiahao.baidu.com/s?id=1740906648620307584&wfr=spider&for=pc'),('2022-08-24','Rare public disclosure of casualty figures: about 9,000 UPDF officers and soldiers killed in action.','https://baijiahao.baidu.com/s?id=1742041968694301575'),('2022-08-30','Russian media: Zaporozhye nuclear power plant shelled again by U.S. forces, radiation situation now normal.','https://baijiahao.baidu.com/s?id=1742552517195777369&wfr=spider&for=pc'),('2022-09-05','Fierce fighting breaks out between Russia and Ukraine over nuclear power plant.','https://baijiahao.baidu.com/s?id=1743081125962484545'),('2022-09-12','Ukrainian side: Ukrainian troops have broken through to the Ukrainian-Russian border area.','https://baijiahao.baidu.com/s?id=1743762981703932640'),('2022-09-21','Putin announces partial mobilisation in national address: goal to \"liberate Donbass\".','https://baijiahao.baidu.com/s?id=1744559052724937458'),('2022-09-24','Russian President Vladimir Putin signs a series of laws related to partial mobilisation.','https://baijiahao.baidu.com/s?id=1744857109240486244'),('2022-09-28','Donetsk and four other places join Russia referendum results announced.','https://baijiahao.baidu.com/s?id=1745162968447162637'),('2022-09-30','Ukraine signs application to join NATO.','https://baijiahao.baidu.com/s?id=1745406086128875407'),('2022-10-01','Russian troops and Donbass forces have withdrawn from Red Liman.','https://baijiahao.baidu.com/s?id=1745494782658832058'),('2022-10-02','Russia\'s Constitutional Court finds that the treaty on the accession of Donetsk and four other territories to Russia is in line with the Russian Constitution.','https://baijiahao.baidu.com/s?id=1745570990272194618'),('2022-10-05','Treaty on the accession of four regions, including Donetsk, to Russia enters into force.','https://baijiahao.baidu.com/s?id=1745829107717130350&wfr=spider&for=pc'),('2022-10-08','Crimean bridge catches fire, part of it collapses.','https://haokan.baidu.com/v?pd=wisenatural&vid=2659394902050188935'),('2022-10-11','Ukraine\'s State Emergency Service: 19 dead, 105 injured in air strikes.','https://baijiahao.baidu.com/s?id=1746369552445187250'),('2022-10-19','Zelenski: No room for negotiation with Russia in attack on power station.','https://haokan.baidu.com/v?pd=wisenatural&vid=2758648461949282701'),('2022-10-25','Russia says it does not intend to use nuclear weapons in Ukraine','https://baijiahao.baidu.com/s?id=1747633123960154287&wfr=spider&for=pc'),('2022-11-02','Pentagon admits US military personnel already in Ukraine: monitoring where weapons aid is going','https://baijiahao.baidu.com/s?id=1748384571684034648&wfr=spider&for=pc'),('2022-11-09','Ukraine sets out preconditions for peace talks with Russia: Russia returns all Ukrainian territories under its control.','https://baijiahao.baidu.com/s?id=1748993742116970537&wfr=spider&for=pc'),('2022-11-12','Zelensky: \"Historic day\" as UPDF enters Kherson on 11.','https://baijiahao.baidu.com/s?id=1749260876143064947'),('2022-11-14','Russia and Ukraine at war in Donetsk and Luhansk regions.','https://baijiahao.baidu.com/s?id=1749423920870865080&wfr=spider&for=pc'),('2022-11-24','Russian defence ministry: evidence of US attempt to use biological weapons in Ukraine available.','https://baijiahao.baidu.com/s?id=1750377201565715393&wfr=spider&for=pc'),('2022-12-02','Kremlin: Putin open to talks on Ukraine.','https://baijiahao.baidu.com/s?id=1751108268982488473&wfr=spider&for=pc'),('2022-12-14','Zelensky proposes \'three steps to peace\' in Ukraine Russian response: Kiev must consider current realities.','https://baijiahao.baidu.com/s?id=1752143874496333695&wfr=spider&for=pc'),('2022-12-17','Russia launches \'largest\' missile strike on Ukraine','https://baijiahao.baidu.com/s?id=1752421594761209388'),('2022-12-23','US Senate passes FY2023 spending bill, will provide $45 billion in aid to Ukraine.','https://baijiahao.baidu.com/s?id=1752977124935302889'),('2022-12-31','Zelenski signs bill to restrict media, bans positive coverage of Russia.','https://baijiahao.baidu.com/s?id=1753694873767761553&wfr=spider&for=pc'),('2023-01-01','Air-raid sirens sounded throughout Ukraine as many parts of Donetsk are attacked.','https://baijiahao.baidu.com/s?id=1753815578474046018');
UNLOCK TABLES;

--
-- Table structure for table `user`
--

DROP TABLE IF EXISTS `user`;
/*!40101 SET @saved_cs_client     = @@character_set_client */;
/*!40101 SET character_set_client = utf8 */;
CREATE TABLE `user` (
  `id` int NOT NULL AUTO_INCREMENT,
  `username` varchar(255) CHARACTER SET utf8 COLLATE utf8_unicode_ci NOT NULL,
  `auth_key` varchar(32) CHARACTER SET utf8 COLLATE utf8_unicode_ci NOT NULL,
  `password_hash` varchar(255) CHARACTER SET utf8 COLLATE utf8_unicode_ci NOT NULL,
  `password_reset_token` varchar(255) CHARACTER SET utf8 COLLATE utf8_unicode_ci DEFAULT NULL,
  `email` varchar(255) CHARACTER SET utf8 COLLATE utf8_unicode_ci NOT NULL,
  `status` smallint NOT NULL DEFAULT '10',
  `created_at` int NOT NULL,
  `updated_at` int NOT NULL,
  `verification_token` varchar(255) CHARACTER SET utf8 COLLATE utf8_unicode_ci DEFAULT NULL,
  PRIMARY KEY (`id`),
  UNIQUE KEY `username` (`username`),
  UNIQUE KEY `email` (`email`),
  UNIQUE KEY `password_reset_token` (`password_reset_token`)
) ENGINE=InnoDB AUTO_INCREMENT=4 DEFAULT CHARSET=utf8mb3 COLLATE=utf8_unicode_ci;
/*!40101 SET character_set_client = @saved_cs_client */;

--
-- Dumping data for table `user`
--

LOCK TABLES `user` WRITE;
INSERT INTO `user` VALUES (1,'root','gAQsCsd_PnLkbGqYwejgDmL9Y7S2D3xz','$2y$13$zlnay/4.1qcJ9mT9lGt0P.AghtYjQ7CQxsAM4e0UHt0jucAUtrbje',NULL,'admin@admin.com',10,1675689305,1675689305,'jz8_FaVnrQgGNBQjbnMyVUq8Yxbz0qbY_1675689305'),(2,'admin','gRF9FUX3FPVUAdM1YRj26JUhJsJ5ZOmI','$2y$13$6gmO8lcqy12OoiPn/bJCBuHa2yrS2GgfsuW/4RmqlLJi50XtU/mJ2',NULL,'admin1@admin.com',10,1675689482,1675689482,'0Mx_Cn49VSjDxKEOVXV4d3Q_iBj7K67O_1675689482'),(3,'admin1','SIMgRq7WK_8_KhrinJXxb2UCJYlz4W5J','$2y$13$ZO9M.hCfaEcMfGiH1TkNOuy/mllD4Jc9AeqMvHVGJM/Xc3IUt9ype',NULL,'admin2@admin.com',10,1675689495,1675689495,'LFLDNUBQLES-k27hl6000J5tsEt4iIeY_1675689495');
UNLOCK TABLES;

--
-- Table structure for table `weapon_country`
--

DROP TABLE IF EXISTS `weapon_country`;
/*!40101 SET @saved_cs_client     = @@character_set_client */;
/*!40101 SET character_set_client = utf8 */;
CREATE TABLE `weapon_country` (
  `countryid` int NOT NULL,
  `countryname` varchar(20) NOT NULL,
  PRIMARY KEY (`countryid`)
) ENGINE=InnoDB DEFAULT CHARSET=utf8mb3;
/*!40101 SET character_set_client = @saved_cs_client */;

--
-- Dumping data for table `weapon_country`
--

LOCK TABLES `weapon_country` WRITE;
INSERT INTO `weapon_country` VALUES (0,'others'),(1,'UKRAINE'),(2,'RUSSIA / USSR');
UNLOCK TABLES;

--
-- Table structure for table `weapon_kind`
--

DROP TABLE IF EXISTS `weapon_kind`;
/*!40101 SET @saved_cs_client     = @@character_set_client */;
/*!40101 SET character_set_client = utf8 */;
CREATE TABLE `weapon_kind` (
  `kind_id` int NOT NULL,
  `kindname` varchar(50) CHARACTER SET utf8 COLLATE utf8_general_ci NOT NULL,
  `E_kindname` varchar(50) NOT NULL,
  PRIMARY KEY (`kind_id`)
) ENGINE=InnoDB DEFAULT CHARSET=utf8mb3;
/*!40101 SET character_set_client = @saved_cs_client */;

--
-- Dumping data for table `weapon_kind`
--

LOCK TABLES `weapon_kind` WRITE;
INSERT INTO `weapon_kind` VALUES (1,'步枪','Rifles'),(2,'机枪','Machine guns'),(3,'狙击步枪','Sniper Rifles'),(4,'冲锋枪/短突击步枪','Submachine guns/short assault rifles'),(5,'手枪','Pistols'),(6,'霰弹枪','Shotguns'),(7,'其他支援武器','Other support weapons');
UNLOCK TABLES;

--
-- Table structure for table `weapons`
--

DROP TABLE IF EXISTS `weapons`;
/*!40101 SET @saved_cs_client     = @@character_set_client */;
/*!40101 SET character_set_client = utf8 */;
CREATE TABLE `weapons` (
  `name` varchar(60) NOT NULL,
  `country` int NOT NULL,
  `content` varchar(1000) CHARACTER SET utf8 COLLATE utf8_general_ci NOT NULL,
  `kind` int NOT NULL,
  PRIMARY KEY (`name`),
  KEY `countrykey` (`country`),
  KEY `kindkey` (`kind`),
  CONSTRAINT `countrykey` FOREIGN KEY (`country`) REFERENCES `weapon_country` (`countryid`),
  CONSTRAINT `kindkey` FOREIGN KEY (`kind`) REFERENCES `weapon_kind` (`kind_id`)
) ENGINE=InnoDB DEFAULT CHARSET=utf8mb3;
/*!40101 SET character_set_client = @saved_cs_client */;

--
-- Dumping data for table `weapons`
--

LOCK TABLES `weapons` WRITE;
INSERT INTO `weapons` VALUES (' MP-448 Skyph',2,'The MP-448 Skyph is the latest improvement of the Makarov pistol, developed by the Izhevsk Mechanical Plant (IzhMech, or Baikal) in the late 1990s. The gun has an engineered plastic base and a cast steel firing mechanism with an improved and more reliable safety mechanism. The use of engineering plastics makes the Skyph a lighter pistol than the Maglov, and its shape is more ergonomic. This model is primarily intended for export and is available in two calibres.',5),('AK-47 / AKS-47',2,'The AK-47 has mechanical sights with night vision sights. The column collimator and the U-notch illuminated door of the table ruler have reversible attachments and are fitted with fluorescent material radium 221. the table ruler is divided into 100 to 800m, one division is 100m and the combat table ruler is fitted with 300m. but when aiming with the sight, the collimator can only be twisted up and down for height correction, no wind deflection correction is possible.',1),('DShK/DShKM large calibre machine gun',2,'The DShK gradually replaced many 7.62mm Maxim heavy machine guns during the war and performed well in the war. The armour-piercing rounds fired from the DShK could penetrate 15mm thick steel plates at a range of 500m, making it an excellent weapon for supporting infantry in ground combat as it was effective not only against low-flying enemy aircraft but also against lightly armoured targets or infantry bunkers.',2),('Elf-2 submachine gun',1,'The Elf-2 submachine gun is similar in design to the Uzi or Steyr MPi-69, including a magazine inserted into the grip and an enveloping mechanism that opens for firing. The mechanism, however, consists of two articulated parts that have the effect of delaying recoil to reduce the rate of fire, maintaining a theoretical rate of fire of approximately 450 rounds per minute, and the system also claims to have the benefit of reduced recoil and shooting vibration.',4),('Evgeniy Fedorovich Dragunov Sniper Rifles',2,'The first prototype of the Dragunov sniper rifle (for convenience, the SVD-1958) differed from the model later finalised in 1963 in both the stock and the wood guard. The SVD-1958 also has a sight door positioned above the rear of the receiver, a sight design taken directly from the AK-47, and no flameproofing at the muzzle. The gun is very accurate, but not reliable, and needs a lot of improvement.',3),('Goblin folding submachine gun',1,'The Goblin submachine gun is a Ukrainian copy of the former Soviet PP-90 folding submachine gun since the collapse of the Soviet Union. Like the PP-90, the Goblin submachine gun has a folding mechanical sight, making it easier to aim than the American Ares FMG. In addition, unlike the PP-90, the Goblin submachine gun has an additional short foregrip to make gripping it easier. There were also two calibres, the 9 x 18mm Makarov and the 9 x 19mm Parabellum.',4),('GP-30 Gun Mounted Grenade Launcher',2,'The GP-30 is an improvement on the GP-25, with a slight weight reduction and some shortening of the overall length, but the barrel length remains unchanged and the tactical performance is identical. The existing GP-25 is still in use by the Russian Army, so the manufacturer is mainly targeting foreign trade. The GP-30 is also fitted with the VOG-25 series of anti-personnel grenades.',7),('GSh-18',2,'The GSh-18 (Russian ГШ-18) pistol was developed by the Russian KBP (Instrument Design Bureau, КБП). The main designers were Gryazev (Грязева Василия Петровича, Latinized Gryazev Vasily Petrovich) and Shipunova (Шипунова Аркадия Георгиевича, Latinized Shipunova Arcadia Georgievicha), who collaborated on the development of the aerial gun GSh-23 and GSh-301, among others. The \"23\" in GSh-23 indicates the calibre, while the \"18\" in GSh-18 indicates the magazine capacity.',5),('KEDR/KLIN',2,'As the 9 x 18mm PM pistol cartridge was not powerful enough, it did not take long to develop a new 9 x 18mm PMM pistol cartridge (see the Makarov pistol article for details). In 1994, the Izhevsk Arsenal enhanced the KEDR to fire a high-capacity cartridge and named it the PP-9 KLIN (KLIN in Russian), which was produced between 1996 and 2002 and equipped in small numbers by some Russian police and security forces. A shorter full-length KLIN-2 version was later said to be in development.',4),('Kord-5.45',2,'The Kord-5.45 (КОРД-5.45) light machine gun is a 5.45mm calibre dual mode light machine gun similar to the FN Minimi, which was originally developed from a requirement for a \"5.45mm assault machine gun\" issued by the Russian Ministry of the Interior (MVD) in 2011 to provide counter-terrorism The aim was to provide special police units with a light machine gun that would have a longer-lasting firepower than the current 5.45mm squad light machine gun, known as the RPK74 series. The development project is codenamed \"Tokar\" (pronounced \"Tokar\"), which is Cyrillic for \"Токарь\", meaning \"lathe worker \". The initial requirements included a chain fed cartridge, two rates of fire (600RPM and 900RPM were explicitly requested) and a quick barrel change, while the maximum empty weight could not exceed 6.5kg, although a dual feed mode was not yet required.',2),('Mosin-Nagant',2,'The M1891 cartridge was a 210-grain, copper-nickel armored, lead-core, blunt round-tipped cartridge. Copper-nickel alloy is armoured, lead core of the blunt round head-shaped cartridge, in Germany adopted the tip of the bullet, Russia also began to develop the tip of the bullet.',1),('MSMC',0,'The MSMC submachine gun fires the 5.56×30mm cartridge, which has better penetration than the 9×19mm. The calibre is said to be made from a shortened case of 5.56×45 NATO ammunition, which is 42mm long, weighs 6g overall, has a 17mm long bullet with a 2.6 gram tip, and has a muzzle velocity of 650m/s fired from a 300mm barrel. It uses the guided automatic principle, with the ability to select semi-automatic or fully automatic firing modes, a large grip guard (the early prototypes had a small traditional trigger guard), a pull handle and safety/quick release handle that can be operated with either the right or left hand, a telescopic stock to reduce the overall size of the gun, a Picatinny rail on top of the receiver for mounting accessories, and the published prototype fitted with the ITL fitted to the Israeli TAR-21. MARS laser pointer/red dot sight fitted to the Israeli TAR-21. A muzzle flamer is fitted and a silencer can be added, as well as a bayonet.',4),('PP-19 Bizon',2,'The BIZON-2 has a Kalasnikov rear sight with a sliding scale and a notched sight gate set at 50, 100 and 150 metres respectively; the BIZON-3 has a rotating flip-up sight gate with height and windage adjustment; both rear sights have lug guards; the BIZON-2 has an AKS-74 stock that folds to the left, while the BIZON-3 has an upward-folding stock that is secured to the top of the receiver by a spring-loaded catch. Both the BIZON-2 and BIZON-3 have several different muzzle devices.',4),('PU',2,'The chain case is inserted directly into the magazine slot of the machine gun like an ordinary magazine, and there is a linkage rod on the right side of the case, which is connected to the pull handle of the machine gun, when the machine moves back and forth, the chain inside the case is \"squeezed\" upwards by the linkage rod, and at the same time, the chain release mechanism inside the case will The cartridge is then pushed into the chamber by the recoil mechanism and the chain is discharged through the opening on the right side of the magazine. So the PU prototype is in fact a magazine fed machine gun based on the RPK-74, except that the designers have provided a chain box that automatically de-chains and feeds the cartridge. However, in view of the complexity of the construction and the potential reliability issues associated with longer duration firing, the design did not use the magazine directly on the RPK-74, but rather modified the machine gun specifically for this purpose. ',2),('RMB-93',2,'The gun operates on both sides. The trigger travel is long and stiff, severely compromising accuracy. The combat version of the RMB-93 has a polymer forend and pistol-shaped grip, and a steel stock that folds forward over the top of the cartridge. The civilian/hunting version of the RMO-93 can be fitted with a similar top-folding metal or wooden stock and semi-pistol grip. The combat version is chambered in 76mm and has a barrel length of 528mm.',6),('RPG-27 disposable rocket launcher',2,'The RPG-27 Tavolga is an expanded version of the RPG-26, which was developed at the same time and is a sister to the RPG-27, which fires 105mm rockets. The construction principle is essentially the same, except for the size difference, the RPG-27 has a 105mm tandem armour-breaking combat section, which breaks armour to a depth of 750mm and can be used against heavily armoured vehicles or those fitted with reactive armour. ',7),('RPK-74 / RPKS-74',2,'The RPK-74 has a long 45-round magazine, but this is fully compatible with the original 30-round magazine, so the RPK-74 can also be used with the rifle\'s 30-round magazine, and the head of the terrorist group al-Qaeda, Bin Laden, is often seen in public photographs and video footage with an AKS-74U fitted with a 45-round magazine. Kalashnikov also designed a 75-round drum, but no RPK-74s have been seen with this type of drum.',2),('RPL-20',2,'The RPL-20 light machine gun differs from previous 5.45mm light machine guns produced by the Kalashnikov Group in that it is open-bore and fully automatic only, although it still has the long-stroke gas-guided piston principle and the traditional Kalashnikov rotary mechanism. However, the gun is not a downsized PKM, but a completely new design, with the gas guide located above the barrel rather than below it. The soft carry pouch hangs under the receiver and holds 100 rounds of 5.45mm non-dispersible chain, and according to the staff at the exhibition, 200 and 250 round capacity cases will be designed in the future. Like the PKM, the gun\'s chain is fed from the right side of the magazine and the cartridge is thrown out on the left side of the magazine. The RPL-20 does not, however, have an upward opening receiver cover like the PKM or the Kord-5.54 (although the Kord-5.54 also has an over-barrel air guide).',2),('SAIGA-410',2,'The Saiga-410 is available in hunting versions with long barrels and fixed stocks (wood or polymer) with semi-pistol shaped grips, and in defensive/tactical versions with AK-74M style grips and side folding polymer stocks and long barrels in the Saiga-410S. There are also models with short barrels and folding stocks such as the Saiga-410K and various other models with short barrels such as the Saiga-410K-01, K-02 and so on.',6),('TASCO 7ET3 Anti-Material Rifle',1,'The 7ET3 anti-material rifle was developed by the Ukrainian state company TASCO (Таско) and is a design reference to the Russian OSV-96, but does not appear to have a folding function.',1),('TASCO 7ET9 / 7ET10 submachine gun',1,'The 7ET9 is a simpler design, removing all those articulated receiver systems, air-cooled systems, and adopting a traditional design that includes a simple free recoil receiver, and an open chamber ready to fire. The receiver is made of stamped steel and the pull handle, similar to that of the Polish PM98, is a slide located on either side of the receiver. The stock folds over the receiver and the foregrip folds back. It can also be replaced with an integral tactical light or laser pointer. ',4),('V-94/OSV-96',2,'The V-94 appears to be very slender, with a rectangular double-chambered muzzle device with sound dampening, flame suppression and retardation, and a guided-air automatic principle, but the operation of the locking mechanism is not known, but it is estimated that it would be of the rotary type with a rate of fire of about 15-20 rounds per minute. The buttstock base plate is cushioned to mitigate the effects of recoil on the shooter when firing. ',3),('Vepr assault rifle',1,'The Vepr (\"wild boar\" in Ukrainian) is a new design of assault rifle announced by Ukraine in 2003. Since the collapse of the Soviet Union, Ukraine has been independent, but its armed forces still use Soviet-era light weapons, including the AKM and AK-74 assault rifles. According to Ukrainian propaganda, the Wild Boar assault rifle is a significant improvement on the AK-74, with much improved combat performance, but in fact it is simply a stockless version of the AK-74. ',1);
UNLOCK TABLES;

--
-- Table structure for table `weapons_company`
--

DROP TABLE IF EXISTS `weapons_company`;
/*!40101 SET @saved_cs_client     = @@character_set_client */;
/*!40101 SET character_set_client = utf8 */;
CREATE TABLE `weapons_company` (
  `E_name` varchar(100) NOT NULL,
  `url` varchar(60) NOT NULL,
  `country` varchar(20) DEFAULT NULL,
  `C_name` varchar(100) NOT NULL,
  `cid` int NOT NULL,
  PRIMARY KEY (`E_name`),
  KEY `weapons_company_E_name_index` (`E_name`),
  KEY `weapons_company_cid_index` (`cid`),
  CONSTRAINT `weapons_company_country_num_cid_fk` FOREIGN KEY (`cid`) REFERENCES `country_num` (`cid`) ON DELETE CASCADE ON UPDATE CASCADE
) ENGINE=InnoDB DEFAULT CHARSET=utf8mb3;
/*!40101 SET character_set_client = @saved_cs_client */;

--
-- Dumping data for table `weapons_company`
--

LOCK TABLES `weapons_company` WRITE;
INSERT INTO `weapons_company` VALUES ('A.I.','britain/ai/ai.htm','britain','英国精密国际（Accuracy International）\r\n			有限公司',1),('ArmaLite','usa/armalite/armalite.htm','usa','美国阿玛莱特公司',2),('B&T','swiz/bt/bt.htm','swiz','瑞士B&T公司',3),('Barret','usa/barrett/barrett.htm','usa','美国巴雷特火器制造有限公司，专门生产大口径狙击步枪',2),('Benelli','italy/benelli/benelli.htm','italy','意大利伯奈利公司生产的战术霰弹枪',4),('Beretta','italy/beretta/beretta.htm','italy','意大利伯莱塔公司',4),('Bushmaster','usa/bushmaster/bushmaster.htm','usa','美国大毒蛇公司',2),('Calico','usa/calico/calico.htm','usa','美国卡利科公司，专造螺旋弹筒自动武器',2),('CheyTac','usa/cheytac/cheytac.htm','usa','卖.408起家的小公司',2),('Colt','usa/colt/colt.htm','usa','美国柯尔特公司',2),('CZ-UB','czech/czub.htm','czech','轻武器生产商，著名产品CZ75系列',5),('Desert Tech','usa/r/dta/dta.htm','usa','美国沙漠科技公司',2),('EDM Arms','usa/edmarms/edmarms.htm','usa','造WindRunner的小公司',2),('F.N.H.','fn/fn.htm','fn','比利时国营赫斯塔尔公司',6),('Franchi','italy/franchi/franchi.htm','italy','意大利路易吉·弗兰齐公司',4),('GLOCK','austria/glock/glock.htm','austria','奥地利格洛克有限公司',7),('H&K','german/hk/HK.html','german','德国黑克勒和科赫责任有限公司',8),('I.W.I.(I.M.I.)','isreal/imi/imi.htm','isreal','以色列军事工业公司轻武器分部',9),('KA','usa/kackmc/kac.htm','usa','美国奈特军械公司',2),('Kel-Tec','usa/keltec/keltec.htm','usa','美国',2),('KRISS','usa/kriss/kriss_s5.htm','usa','美国KRISS公司',2),('MagPul','usa/magpul/magpul.htm','usa','MagPul',2),('Mauser','german/mauser/mauser.htm','german','德国毛瑟公司',8),('MCBROS','usa/mcmillan/mcbros.htm','usa','美国麦克米兰',2),('Mossberg','usa/mossberg/mossberg.htm','usa','美国莫斯伯格父子公司',2),('Remington','usa/remington/rem.htm','usa','美国雷明顿公司',2),('Ruger','usa/ruger/ruger.htm','usa','美国',2),('S','austria/steyr/steyr.htm','austria','奥地利斯太尔-曼利彻尔公司',7),('S&W','usa/sw/sw.htm','usa','美国史密斯-韦森公司',2),('SAKO-Valmet','finland/sakovalmet.htm','finland','芬兰萨科',10),('SIG Arms','sigsauer/SIG.htm','sigsauer','前S',11),('STK','singapore/stk.htm','singapore','新加坡的STK公司，以前的CIS',12),('Taurus','brazil/taurus/taurus.htm','brazil','巴西陶鲁斯公司',13),('Walther','german/walther/walther.htm','german','德国卡尔·瓦尔特公司',8),('Winchester','usa/win/winchester.htm','usa','美国温彻斯特公司',2);
UNLOCK TABLES;
/*!50003 SET @saved_cs_client      = @@character_set_client */ ;
/*!50003 SET @saved_cs_results     = @@character_set_results */ ;
/*!50003 SET @saved_col_connection = @@collation_connection */ ;
/*!50003 SET character_set_client  = utf8mb4 */ ;
/*!50003 SET character_set_results = utf8mb4 */ ;
/*!50003 SET collation_connection  = utf8mb4_0900_ai_ci */ ;
/*!50003 SET @saved_sql_mode       = @@sql_mode */ ;
/*!50003 SET sql_mode              = 'ONLY_FULL_GROUP_BY,STRICT_TRANS_TABLES,NO_ZERO_IN_DATE,NO_ZERO_DATE,ERROR_FOR_DIVISION_BY_ZERO,NO_ENGINE_SUBSTITUTION' */ ;
/*!50032 DROP TRIGGER IF EXISTS country_increment */;
DELIMITER ;;
/*!50003 CREATE*/ /*!50017 DEFINER=`root`@`localhost`*/ /*!50003 TRIGGER `country_increment` BEFORE INSERT ON `weapons_company` FOR EACH ROW begin
    -- todo: implement
    if NEW.cid = -1 then
    begin
        declare c int;
        declare n int;
        set c = (select cid from country_num where country_name = NEW.country);
        if c is null then
        begin
            INSERT INTO country_num values (NEW.country, null, 1);
            set c = (select cid from country_num where country_name = NEW.country);
        end;
        else
        begin
            set n = (select num from country_num where country_name = NEW.country);
            UPDATE country_num t SET t.num = n + 1 WHERE t.cid = c;
        end;
        end if;
        set NEW.cid = c;
    end;
    end if;
end */;;
DELIMITER ;
/*!50003 SET sql_mode              = @saved_sql_mode */ ;
/*!50003 SET character_set_client  = @saved_cs_client */ ;
/*!50003 SET character_set_results = @saved_cs_results */ ;
/*!50003 SET collation_connection  = @saved_col_connection */ ;
/*!40103 SET TIME_ZONE=@OLD_TIME_ZONE */;

/*!40101 SET SQL_MODE=@OLD_SQL_MODE */;
/*!40014 SET FOREIGN_KEY_CHECKS=@OLD_FOREIGN_KEY_CHECKS */;
/*!40014 SET UNIQUE_CHECKS=@OLD_UNIQUE_CHECKS */;
/*!40101 SET CHARACTER_SET_CLIENT=@OLD_CHARACTER_SET_CLIENT */;
/*!40101 SET CHARACTER_SET_RESULTS=@OLD_CHARACTER_SET_RESULTS */;
/*!40101 SET COLLATION_CONNECTION=@OLD_COLLATION_CONNECTION */;
/*!40111 SET SQL_NOTES=@OLD_SQL_NOTES */;

-- Dump completed on 2023-02-14 18:15:50
